,date,soil_moisture(m^3/m^3),precipitation
0,2025-12-19 00:00:00+00:00,0.31774998,1.8
1,2025-12-19 01:00:00+00:00,0.3185,0.5
2,2025-12-19 02:00:00+00:00,0.315,0.4
3,2025-12-19 03:00:00+00:00,0.31425,0.0
4,2025-12-19 04:00:00+00:00,0.311,0.0
5,2025-12-19 05:00:00+00:00,0.30825,0.0
6,2025-12-19 06:00:00+00:00,0.30699998,0.1
7,2025-12-19 07:00:00+00:00,0.3055,0.1
8,2025-12-19 08:00:00+00:00,0.30475,0.1
9,2025-12-19 09:00:00+00:00,0.304,0.0
10,2025-12-19 10:00:00+00:00,0.3035,0.0
11,2025-12-19 11:00:00+00:00,0.30275,0.0
12,2025-12-19 12:00:00+00:00,0.30200002,0.0
13,2025-12-19 13:00:00+00:00,0.30200002,0.1
14,2025-12-19 14:00:00+00:00,0.30125,0.0
15,2025-12-19 15:00:00+00:00,0.3005,0.0
16,2025-12-19 16:00:00+00:00,0.29975,0.0
17,2025-12-19 17:00:00+00:00,0.2995,0.0
18,2025-12-19 18:00:00+00:00,0.29925,0.0
19,2025-12-19 19:00:00+00:00,0.30375,0.0
20,2025-12-19 20:00:00+00:00,0.3035,0.0
21,2025-12-19 21:00:00+00:00,0.30324998,0.0
22,2025-12-19 22:00:00+00:00,0.30324998,0.0
23,2025-12-19 23:00:00+00:00,0.30324998,0.0
24,2025-12-20 00:00:00+00:00,0.303,0.0
25,2025-12-20 01:00:00+00:00,0.303,0.0
26,2025-12-20 02:00:00+00:00,0.30275,0.0
27,2025-12-20 03:00:00+00:00,0.30275,0.0
28,2025-12-20 04:00:00+00:00,0.30225,0.0
29,2025-12-20 05:00:00+00:00,0.30200002,0.0
30,2025-12-20 06:00:00+00:00,0.30200002,0.0
31,2025-12-20 07:00:00+00:00,0.30200002,0.0
32,2025-12-20 08:00:00+00:00,0.30200002,0.0
33,2025-12-20 09:00:00+00:00,0.30175,0.0
34,2025-12-20 10:00:00+00:00,0.30175,0.0
35,2025-12-20 11:00:00+00:00,0.30175,0.0
36,2025-12-20 12:00:00+00:00,0.30125,0.0
37,2025-12-20 13:00:00+00:00,0.30125,0.0
38,2025-12-20 14:00:00+00:00,0.301,0.0
39,2025-12-20 15:00:00+00:00,0.301,0.0
40,2025-12-20 16:00:00+00:00,0.301,0.0
41,2025-12-20 17:00:00+00:00,0.301,0.0
42,2025-12-20 18:00:00+00:00,0.301,0.0
43,2025-12-20 19:00:00+00:00,0.3015,0.0
44,2025-12-20 20:00:00+00:00,0.3015,0.0
45,2025-12-20 21:00:00+00:00,0.30150002,0.0
46,2025-12-20 22:00:00+00:00,0.301,0.0
47,2025-12-20 23:00:00+00:00,0.30075002,0.0
48,2025-12-21 00:00:00+00:00,0.30025,0.0
49,2025-12-21 01:00:00+00:00,0.29775,0.0
50,2025-12-21 02:00:00+00:00,0.2965,0.0
51,2025-12-21 03:00:00+00:00,0.296,0.0
52,2025-12-21 04:00:00+00:00,0.295,0.0
53,2025-12-21 05:00:00+00:00,0.29425,0.0
54,2025-12-21 06:00:00+00:00,0.29375,0.0
55,2025-12-21 07:00:00+00:00,0.29424998,0.0
56,2025-12-21 08:00:00+00:00,0.294,0.0
57,2025-12-21 09:00:00+00:00,0.2935,0.0
58,2025-12-21 10:00:00+00:00,0.29325,0.0
59,2025-12-21 11:00:00+00:00,0.293,0.0
60,2025-12-21 12:00:00+00:00,0.2925,0.0
61,2025-12-21 13:00:00+00:00,0.2925,0.0
62,2025-12-21 14:00:00+00:00,0.29225,0.0
63,2025-12-21 15:00:00+00:00,0.29175,0.0
64,2025-12-21 16:00:00+00:00,0.29125,0.0
65,2025-12-21 17:00:00+00:00,0.29125,0.0
66,2025-12-21 18:00:00+00:00,0.29099998,0.0
67,2025-12-21 19:00:00+00:00,0.287,0.0
68,2025-12-21 20:00:00+00:00,0.28724998,0.0
69,2025-12-21 21:00:00+00:00,0.28724998,0.0
70,2025-12-21 22:00:00+00:00,0.28724998,0.0
71,2025-12-21 23:00:00+00:00,0.28725,0.0
72,2025-12-22 00:00:00+00:00,0.28725,0.0
73,2025-12-22 01:00:00+00:00,0.28700003,0.0
74,2025-12-22 02:00:00+00:00,0.28700003,0.0
75,2025-12-22 03:00:00+00:00,0.28700003,0.0
76,2025-12-22 04:00:00+00:00,0.28700003,0.0
77,2025-12-22 05:00:00+00:00,0.28700003,0.0
78,2025-12-22 06:00:00+00:00,0.28725,0.0
79,2025-12-22 07:00:00+00:00,0.2875,0.0
80,2025-12-22 08:00:00+00:00,0.287,0.0
81,2025-12-22 09:00:00+00:00,0.287,0.0
82,2025-12-22 10:00:00+00:00,0.287,0.0
83,2025-12-22 11:00:00+00:00,0.28875,0.4
84,2025-12-22 12:00:00+00:00,0.2885,0.5
85,2025-12-22 13:00:00+00:00,0.28775,0.2
86,2025-12-22 14:00:00+00:00,0.2875,0.0
87,2025-12-22 15:00:00+00:00,0.28725,0.0
88,2025-12-22 16:00:00+00:00,0.28725,0.0
89,2025-12-22 17:00:00+00:00,0.2875,0.0
90,2025-12-22 18:00:00+00:00,0.2875,0.0
91,2025-12-22 19:00:00+00:00,0.28800002,0.0
92,2025-12-22 20:00:00+00:00,0.28800002,0.0
93,2025-12-22 21:00:00+00:00,0.28825,0.0
94,2025-12-22 22:00:00+00:00,0.2885,0.0
95,2025-12-22 23:00:00+00:00,0.2885,0.0
96,2025-12-23 00:00:00+00:00,0.289,0.0
97,2025-12-23 01:00:00+00:00,0.289,0.0
98,2025-12-23 02:00:00+00:00,0.28950003,0.0
99,2025-12-23 03:00:00+00:00,0.28925002,0.0
100,2025-12-23 04:00:00+00:00,0.28925002,0.0
101,2025-12-23 05:00:00+00:00,0.28925002,0.0
102,2025-12-23 06:00:00+00:00,0.28925002,0.0
103,2025-12-23 07:00:00+00:00,0.28925002,0.0
104,2025-12-23 08:00:00+00:00,0.28925002,0.0
105,2025-12-23 09:00:00+00:00,0.28925002,0.0
106,2025-12-23 10:00:00+00:00,0.291,0.0
107,2025-12-23 11:00:00+00:00,0.29225,0.0
108,2025-12-23 12:00:00+00:00,0.29200003,0.0
109,2025-12-23 13:00:00+00:00,0.29000002,0.0
110,2025-12-23 14:00:00+00:00,0.2895,0.0
111,2025-12-23 15:00:00+00:00,0.28875002,0.0
112,2025-12-23 16:00:00+00:00,0.2885,0.0
113,2025-12-23 17:00:00+00:00,0.28825,0.0
114,2025-12-23 18:00:00+00:00,0.28825,0.0
115,2025-12-23 19:00:00+00:00,0.2875,0.0
116,2025-12-23 20:00:00+00:00,0.2875,0.0
117,2025-12-23 21:00:00+00:00,0.287,0.0
118,2025-12-23 22:00:00+00:00,0.28675,0.0
119,2025-12-23 23:00:00+00:00,0.28675,0.0
120,2025-12-24 00:00:00+00:00,0.2865,0.0
121,2025-12-24 01:00:00+00:00,0.2865,0.0
122,2025-12-24 02:00:00+00:00,0.28625,0.0
123,2025-12-24 03:00:00+00:00,0.28625,0.0
124,2025-12-24 04:00:00+00:00,0.28625,0.0
125,2025-12-24 05:00:00+00:00,0.28599998,0.0
126,2025-12-24 06:00:00+00:00,0.28599998,0.0
127,2025-12-24 07:00:00+00:00,0.28599998,0.0
128,2025-12-24 08:00:00+00:00,0.28599998,0.0
129,2025-12-24 09:00:00+00:00,0.28599998,0.0
130,2025-12-24 10:00:00+00:00,0.28575,0.0
131,2025-12-24 11:00:00+00:00,0.28575,0.0
132,2025-12-24 12:00:00+00:00,0.28525,0.0
133,2025-12-24 13:00:00+00:00,0.28475,0.0
134,2025-12-24 14:00:00+00:00,0.284,0.0
135,2025-12-24 15:00:00+00:00,0.28350002,0.0
136,2025-12-24 16:00:00+00:00,0.28325,0.0
137,2025-12-24 17:00:00+00:00,0.283,0.0
138,2025-12-24 18:00:00+00:00,0.283,0.0
139,2025-12-24 19:00:00+00:00,0.276,0.0
140,2025-12-24 20:00:00+00:00,0.276,0.0
141,2025-12-24 21:00:00+00:00,0.276,0.0
142,2025-12-24 22:00:00+00:00,0.276,0.0
143,2025-12-24 23:00:00+00:00,0.276,0.0
144,2025-12-25 00:00:00+00:00,0.276,0.0
145,2025-12-25 01:00:00+00:00,0.276,0.0
146,2025-12-25 02:00:00+00:00,0.276,0.0
147,2025-12-25 03:00:00+00:00,0.2765,0.0
148,2025-12-25 04:00:00+00:00,0.2765,0.0
149,2025-12-25 05:00:00+00:00,0.2765,0.0
150,2025-12-25 06:00:00+00:00,0.2765,0.0
151,2025-12-25 07:00:00+00:00,0.27625,0.0
152,2025-12-25 08:00:00+00:00,0.27625,0.0
153,2025-12-25 09:00:00+00:00,0.27625,0.0
154,2025-12-25 10:00:00+00:00,0.276,0.0
155,2025-12-25 11:00:00+00:00,0.2755,0.0
156,2025-12-25 12:00:00+00:00,0.27525,0.0
157,2025-12-25 13:00:00+00:00,0.2745,0.0
158,2025-12-25 14:00:00+00:00,0.27425003,0.0
159,2025-12-25 15:00:00+00:00,0.27425003,0.0
160,2025-12-25 16:00:00+00:00,0.27375,0.0
161,2025-12-25 17:00:00+00:00,0.27400002,0.0
162,2025-12-25 18:00:00+00:00,0.27400002,0.0
163,2025-12-25 19:00:00+00:00,0.27275002,0.0
164,2025-12-25 20:00:00+00:00,0.2725,0.0
165,2025-12-25 21:00:00+00:00,0.27225,0.0
166,2025-12-25 22:00:00+00:00,0.27225,0.0
167,2025-12-25 23:00:00+00:00,0.27225,0.0
168,2025-12-26 00:00:00+00:00,0.27225,0.0
169,2025-12-26 01:00:00+00:00,0.27249998,0.0
170,2025-12-26 02:00:00+00:00,0.27249998,0.0
171,2025-12-26 03:00:00+00:00,0.27249998,0.0
172,2025-12-26 04:00:00+00:00,0.272,0.0
173,2025-12-26 05:00:00+00:00,0.27175003,0.0
174,2025-12-26 06:00:00+00:00,0.27175003,0.0
175,2025-12-26 07:00:00+00:00,0.2775,0.6
176,2025-12-26 08:00:00+00:00,0.2795,0.2
177,2025-12-26 09:00:00+00:00,0.29175,0.4
178,2025-12-26 10:00:00+00:00,0.29425,3.3
179,2025-12-26 11:00:00+00:00,0.31425,0.7
180,2025-12-26 12:00:00+00:00,0.319,4.8999996
181,2025-12-26 13:00:00+00:00,0.31925,0.2
182,2025-12-26 14:00:00+00:00,0.31875002,0.1
183,2025-12-26 15:00:00+00:00,0.31725,0.0
184,2025-12-26 16:00:00+00:00,0.3145,0.0
185,2025-12-26 17:00:00+00:00,0.31274998,0.0
186,2025-12-26 18:00:00+00:00,0.31199998,0.0
187,2025-12-26 19:00:00+00:00,0.31375,0.0
188,2025-12-26 20:00:00+00:00,0.31274998,0.0
189,2025-12-26 21:00:00+00:00,0.311,0.0
190,2025-12-26 22:00:00+00:00,0.30875,0.0
191,2025-12-26 23:00:00+00:00,0.3075,0.0
192,2025-12-27 00:00:00+00:00,0.30600002,0.0
193,2025-12-27 01:00:00+00:00,0.30525002,0.0
194,2025-12-27 02:00:00+00:00,0.305,0.0
195,2025-12-27 03:00:00+00:00,0.3045,0.0
196,2025-12-27 04:00:00+00:00,0.304,0.0
197,2025-12-27 05:00:00+00:00,0.304,0.0
198,2025-12-27 06:00:00+00:00,0.30324998,0.0
199,2025-12-27 07:00:00+00:00,0.30275,0.0
200,2025-12-27 08:00:00+00:00,0.3025,0.0
201,2025-12-27 09:00:00+00:00,0.30225,0.0
202,2025-12-27 10:00:00+00:00,0.30175,0.0
203,2025-12-27 11:00:00+00:00,0.30374998,0.0
204,2025-12-27 12:00:00+00:00,0.303,0.0
205,2025-12-27 13:00:00+00:00,0.30375,0.0
206,2025-12-27 14:00:00+00:00,0.30324998,0.0
207,2025-12-27 15:00:00+00:00,0.30225,0.0
208,2025-12-27 16:00:00+00:00,0.302,0.0
209,2025-12-27 17:00:00+00:00,0.3015,0.0
210,2025-12-27 18:00:00+00:00,0.30125,0.0
211,2025-12-27 19:00:00+00:00,0.304,0.0
212,2025-12-27 20:00:00+00:00,0.3035,0.0
213,2025-12-27 21:00:00+00:00,0.30324998,0.0
214,2025-12-27 22:00:00+00:00,0.303,0.0
215,2025-12-27 23:00:00+00:00,0.30275,0.0
216,2025-12-28 00:00:00+00:00,0.30249998,0.0
217,2025-12-28 01:00:00+00:00,0.30275,0.0
218,2025-12-28 02:00:00+00:00,0.30225,0.0
219,2025-12-28 03:00:00+00:00,0.302,0.0
220,2025-12-28 04:00:00+00:00,0.302,0.0
221,2025-12-28 05:00:00+00:00,0.30225,0.0
222,2025-12-28 06:00:00+00:00,0.31325,1.1
223,2025-12-28 07:00:00+00:00,0.32,0.2
224,2025-12-28 08:00:00+00:00,0.335,0.2
225,2025-12-28 09:00:00+00:00,0.34875003,2.8999999
226,2025-12-28 10:00:00+00:00,0.3465,0.4
227,2025-12-28 11:00:00+00:00,0.35000002,1.1
228,2025-12-28 12:00:00+00:00,0.35900003,1.2
229,2025-12-28 13:00:00+00:00,0.3685,0.5
230,2025-12-28 14:00:00+00:00,0.3685,2.1000001
231,2025-12-28 15:00:00+00:00,0.36625,1.7
232,2025-12-28 16:00:00+00:00,0.36575,1.1
233,2025-12-28 17:00:00+00:00,0.36525,7.7
234,2025-12-28 18:00:00+00:00,0.37300003,0.4
235,2025-12-28 19:00:00+00:00,0.353,0.0
236,2025-12-28 20:00:00+00:00,0.35,0.0
237,2025-12-28 21:00:00+00:00,0.3505,1.0
238,2025-12-28 22:00:00+00:00,0.3505,0.0
239,2025-12-28 23:00:00+00:00,0.34600002,0.0
240,2025-12-29 00:00:00+00:00,0.3425,0.0
241,2025-12-29 01:00:00+00:00,0.33825,0.0
242,2025-12-29 02:00:00+00:00,0.3355,0.0
243,2025-12-29 03:00:00+00:00,0.333,0.0
244,2025-12-29 04:00:00+00:00,0.33125,0.0
245,2025-12-29 05:00:00+00:00,0.32925,0.0
246,2025-12-29 06:00:00+00:00,0.3275,0.0
247,2025-12-29 07:00:00+00:00,0.32675,0.2
248,2025-12-29 08:00:00+00:00,0.32575,0.0
249,2025-12-29 09:00:00+00:00,0.32450002,0.0
250,2025-12-29 10:00:00+00:00,0.32375002,0.0
251,2025-12-29 11:00:00+00:00,0.32274997,0.3
252,2025-12-29 12:00:00+00:00,0.32225,0.1
253,2025-12-29 13:00:00+00:00,0.32175,0.2
254,2025-12-29 14:00:00+00:00,0.32125002,0.6
255,2025-12-29 15:00:00+00:00,0.32024997,0.2
256,2025-12-29 16:00:00+00:00,0.32,0.1
257,2025-12-29 17:00:00+00:00,0.31925002,0.4
258,2025-12-29 18:00:00+00:00,0.31875,0.2
259,2025-12-29 19:00:00+00:00,0.31825,0.0
260,2025-12-29 20:00:00+00:00,0.3175,0.1
261,2025-12-29 21:00:00+00:00,0.31725,0.1
262,2025-12-29 22:00:00+00:00,0.31599998,0.0
263,2025-12-29 23:00:00+00:00,0.3155,0.0
264,2025-12-30 00:00:00+00:00,0.315,0.2
265,2025-12-30 01:00:00+00:00,0.3145,0.0
266,2025-12-30 02:00:00+00:00,0.31375,0.0
267,2025-12-30 03:00:00+00:00,0.31375,0.0
268,2025-12-30 04:00:00+00:00,0.31300002,0.0
269,2025-12-30 05:00:00+00:00,0.31275,0.0
270,2025-12-30 06:00:00+00:00,0.31275,0.0
271,2025-12-30 07:00:00+00:00,0.31199998,0.0
272,2025-12-30 08:00:00+00:00,0.3115,0.0
273,2025-12-30 09:00:00+00:00,0.311,0.0
274,2025-12-30 10:00:00+00:00,0.31075,0.0
275,2025-12-30 11:00:00+00:00,0.31024998,0.0
276,2025-12-30 12:00:00+00:00,0.30975002,0.0
277,2025-12-30 13:00:00+00:00,0.309,0.0
278,2025-12-30 14:00:00+00:00,0.30875,0.0
279,2025-12-30 15:00:00+00:00,0.308,0.0
280,2025-12-30 16:00:00+00:00,0.308,0.0
281,2025-12-30 17:00:00+00:00,0.3075,0.0
282,2025-12-30 18:00:00+00:00,0.30725,0.0
283,2025-12-30 19:00:00+00:00,0.30725002,0.0
284,2025-12-30 20:00:00+00:00,0.307,0.0
285,2025-12-30 21:00:00+00:00,0.30675,0.0
286,2025-12-30 22:00:00+00:00,0.307,0.0
287,2025-12-30 23:00:00+00:00,0.307,0.0
288,2025-12-31 00:00:00+00:00,0.30699998,0.0
289,2025-12-31 01:00:00+00:00,0.30675,0.0
290,2025-12-31 02:00:00+00:00,0.307,0.0
291,2025-12-31 03:00:00+00:00,0.307,0.0
292,2025-12-31 04:00:00+00:00,0.307,0.0
293,2025-12-31 05:00:00+00:00,0.307,0.0
294,2025-12-31 06:00:00+00:00,0.30725002,0.0
295,2025-12-31 07:00:00+00:00,0.30725002,0.0
296,2025-12-31 08:00:00+00:00,0.30725002,0.0
297,2025-12-31 09:00:00+00:00,0.30725002,0.0
298,2025-12-31 10:00:00+00:00,0.3075,0.0
299,2025-12-31 11:00:00+00:00,0.3075,0.0
300,2025-12-31 12:00:00+00:00,0.3075,0.0
301,2025-12-31 13:00:00+00:00,0.30725,0.1
302,2025-12-31 14:00:00+00:00,0.307,0.2
303,2025-12-31 15:00:00+00:00,0.30725,0.0
304,2025-12-31 16:00:00+00:00,0.30725,0.3
305,2025-12-31 17:00:00+00:00,0.3075,0.4
306,2025-12-31 18:00:00+00:00,0.30749997,0.8000001
307,2025-12-31 19:00:00+00:00,0.30775,0.2
308,2025-12-31 20:00:00+00:00,0.30775,0.6
309,2025-12-31 21:00:00+00:00,0.30825,1.0
310,2025-12-31 22:00:00+00:00,0.308,0.0
311,2025-12-31 23:00:00+00:00,0.30775002,0.0
312,2026-01-01 00:00:00+00:00,0.30775002,0.0
313,2026-01-01 01:00:00+00:00,0.3075,0.0
314,2026-01-01 02:00:00+00:00,0.3075,0.0
315,2026-01-01 03:00:00+00:00,0.3075,0.0
316,2026-01-01 04:00:00+00:00,0.3075,0.0
317,2026-01-01 05:00:00+00:00,0.3075,0.0
318,2026-01-01 06:00:00+00:00,0.30775,0.0
319,2026-01-01 07:00:00+00:00,0.308,0.0
320,2026-01-01 08:00:00+00:00,0.308,0.0
321,2026-01-01 09:00:00+00:00,0.308,0.0
322,2026-01-01 10:00:00+00:00,0.308,0.0
323,2026-01-01 11:00:00+00:00,0.308,0.0
324,2026-01-01 12:00:00+00:00,0.308,0.0
325,2026-01-01 13:00:00+00:00,0.308,0.0
326,2026-01-01 14:00:00+00:00,0.308,0.0
327,2026-01-01 15:00:00+00:00,0.308,0.0
328,2026-01-01 16:00:00+00:00,0.308,0.0
329,2026-01-01 17:00:00+00:00,0.30775002,0.0
330,2026-01-01 18:00:00+00:00,0.30775002,0.0
331,2026-01-01 19:00:00+00:00,0.30775002,0.0
332,2026-01-01 20:00:00+00:00,0.30775002,0.0
333,2026-01-01 21:00:00+00:00,0.30775002,0.4
334,2026-01-01 22:00:00+00:00,0.30775002,0.0
335,2026-01-01 23:00:00+00:00,0.30775002,0.0
336,2026-01-02 00:00:00+00:00,0.3075,0.0
337,2026-01-02 01:00:00+00:00,0.30775,0.0
338,2026-01-02 02:00:00+00:00,0.30775,0.0
339,2026-01-02 03:00:00+00:00,0.30775,0.0
340,2026-01-02 04:00:00+00:00,0.30775,0.0
341,2026-01-02 05:00:00+00:00,0.30775,0.0
342,2026-01-02 06:00:00+00:00,0.30775,0.0
343,2026-01-02 07:00:00+00:00,0.30775,0.0
344,2026-01-02 08:00:00+00:00,0.30800003,0.0
345,2026-01-02 09:00:00+00:00,0.30800003,0.0
346,2026-01-02 10:00:00+00:00,0.30800003,0.0
347,2026-01-02 11:00:00+00:00,0.30800003,0.0
348,2026-01-02 12:00:00+00:00,0.30800003,0.0
349,2026-01-02 13:00:00+00:00,0.30800003,0.0
350,2026-01-02 14:00:00+00:00,0.30800003,0.0
351,2026-01-02 15:00:00+00:00,0.30775,0.0
352,2026-01-02 16:00:00+00:00,0.30775,0.0
353,2026-01-02 17:00:00+00:00,0.30775,0.0
354,2026-01-02 18:00:00+00:00,0.30775,0.0
355,2026-01-02 19:00:00+00:00,0.30775,0.0
356,2026-01-02 20:00:00+00:00,0.30775,0.0
357,2026-01-02 21:00:00+00:00,0.30775,0.0
358,2026-01-02 22:00:00+00:00,0.30775,0.0
359,2026-01-02 23:00:00+00:00,0.30775,0.0
360,2026-01-03 00:00:00+00:00,0.30775,0.0
361,2026-01-03 01:00:00+00:00,0.30775,0.0
362,2026-01-03 02:00:00+00:00,0.30775,0.0
363,2026-01-03 03:00:00+00:00,0.30775,0.0
364,2026-01-03 04:00:00+00:00,0.3075,0.0
365,2026-01-03 05:00:00+00:00,0.3075,0.0
366,2026-01-03 06:00:00+00:00,0.3075,0.0
367,2026-01-03 07:00:00+00:00,0.3075,0.0
368,2026-01-03 08:00:00+00:00,0.3075,0.0
369,2026-01-03 09:00:00+00:00,0.3075,0.0
370,2026-01-03 10:00:00+00:00,0.3075,0.0
371,2026-01-03 11:00:00+00:00,0.3075,0.0
372,2026-01-03 12:00:00+00:00,0.3075,0.0
373,2026-01-03 13:00:00+00:00,0.30725,0.0
374,2026-01-03 14:00:00+00:00,0.30699998,0.0
375,2026-01-03 15:00:00+00:00,0.30699998,0.0
376,2026-01-03 16:00:00+00:00,0.30699998,0.1
377,2026-01-03 17:00:00+00:00,0.30699998,0.0
378,2026-01-03 18:00:00+00:00,0.30699998,0.0
379,2026-01-03 19:00:00+00:00,0.30699998,0.2
380,2026-01-03 20:00:00+00:00,0.307,0.3
381,2026-01-03 21:00:00+00:00,0.30675,0.0
382,2026-01-03 22:00:00+00:00,0.30675,0.0
383,2026-01-03 23:00:00+00:00,0.30675,0.0
384,2026-01-04 00:00:00+00:00,0.30675,0.0
385,2026-01-04 01:00:00+00:00,0.30675,0.0
386,2026-01-04 02:00:00+00:00,0.30675,0.0
387,2026-01-04 03:00:00+00:00,0.30675,0.0
388,2026-01-04 04:00:00+00:00,0.30675,0.0
389,2026-01-04 05:00:00+00:00,0.30675,0.0
390,2026-01-04 06:00:00+00:00,0.30675,0.0
391,2026-01-04 07:00:00+00:00,0.30675,0.0
392,2026-01-04 08:00:00+00:00,0.30675,0.0
393,2026-01-04 09:00:00+00:00,0.30675,0.0
394,2026-01-04 10:00:00+00:00,0.30675,0.0
395,2026-01-04 11:00:00+00:00,0.30675,0.0
396,2026-01-04 12:00:00+00:00,0.30925,0.0
397,2026-01-04 13:00:00+00:00,0.31125,0.0
398,2026-01-04 14:00:00+00:00,0.313,0.0
399,2026-01-04 15:00:00+00:00,0.31275,0.0
400,2026-01-04 16:00:00+00:00,0.31225002,0.0
401,2026-01-04 17:00:00+00:00,0.31175,0.0
402,2026-01-04 18:00:00+00:00,0.3115,0.0
403,2026-01-04 19:00:00+00:00,0.311,0.0
404,2026-01-04 20:00:00+00:00,0.31075,0.0
405,2026-01-04 21:00:00+00:00,0.31075,0.0
406,2026-01-04 22:00:00+00:00,0.3105,0.0
407,2026-01-04 23:00:00+00:00,0.3105,0.0
408,2026-01-05 00:00:00+00:00,0.31024998,0.0
409,2026-01-05 01:00:00+00:00,0.31024998,0.0
410,2026-01-05 02:00:00+00:00,0.31,0.0
411,2026-01-05 03:00:00+00:00,0.31,0.0
412,2026-01-05 04:00:00+00:00,0.30975,0.0
413,2026-01-05 05:00:00+00:00,0.30975,0.0
414,2026-01-05 06:00:00+00:00,0.30975,0.0
415,2026-01-05 07:00:00+00:00,0.30975,0.0
416,2026-01-05 08:00:00+00:00,0.30949998,0.0
417,2026-01-05 09:00:00+00:00,0.30949998,0.0
418,2026-01-05 10:00:00+00:00,0.30925,0.0
419,2026-01-05 11:00:00+00:00,0.31,0.0
420,2026-01-05 12:00:00+00:00,0.315,0.0
421,2026-01-05 13:00:00+00:00,0.32125,0.0
422,2026-01-05 14:00:00+00:00,0.32375002,0.0
423,2026-01-05 15:00:00+00:00,0.325,0.0
424,2026-01-05 16:00:00+00:00,0.32475,0.0
425,2026-01-05 17:00:00+00:00,0.32349998,0.0
426,2026-01-05 18:00:00+00:00,0.32275003,0.0
427,2026-01-05 19:00:00+00:00,0.32274997,0.0
428,2026-01-05 20:00:00+00:00,0.32225,0.0
429,2026-01-05 21:00:00+00:00,0.32200003,0.0
430,2026-01-05 22:00:00+00:00,0.32125002,0.0
431,2026-01-05 23:00:00+00:00,0.321,0.0
432,2026-01-06 00:00:00+00:00,0.32050002,0.0
433,2026-01-06 01:00:00+00:00,0.32050002,0.0
434,2026-01-06 02:00:00+00:00,0.32050002,0.0
435,2026-01-06 03:00:00+00:00,0.32,0.0
436,2026-01-06 04:00:00+00:00,0.31975,0.0
437,2026-01-06 05:00:00+00:00,0.3195,0.0
438,2026-01-06 06:00:00+00:00,0.31925,0.0
439,2026-01-06 07:00:00+00:00,0.31875002,0.0
440,2026-01-06 08:00:00+00:00,0.319,0.1
441,2026-01-06 09:00:00+00:00,0.31925,0.0
442,2026-01-06 10:00:00+00:00,0.32050002,0.0
443,2026-01-06 11:00:00+00:00,0.32275003,0.2
444,2026-01-06 12:00:00+00:00,0.32475,0.70000005
445,2026-01-06 13:00:00+00:00,0.32674998,0.5
446,2026-01-06 14:00:00+00:00,0.32875,0.0
447,2026-01-06 15:00:00+00:00,0.3305,0.0
448,2026-01-06 16:00:00+00:00,0.33325,0.2
449,2026-01-06 17:00:00+00:00,0.33475,0.1
450,2026-01-06 18:00:00+00:00,0.33599997,0.1
451,2026-01-06 19:00:00+00:00,0.3325,0.0
452,2026-01-06 20:00:00+00:00,0.33125,0.0
453,2026-01-06 21:00:00+00:00,0.32999998,0.0
454,2026-01-06 22:00:00+00:00,0.32875,0.0
455,2026-01-06 23:00:00+00:00,0.32825,0.0
456,2026-01-07 00:00:00+00:00,0.3275,0.0
457,2026-01-07 01:00:00+00:00,0.32475,0.0
458,2026-01-07 02:00:00+00:00,0.324,0.0
459,2026-01-07 03:00:00+00:00,0.32349998,0.0
460,2026-01-07 04:00:00+00:00,0.32275003,0.0
461,2026-01-07 05:00:00+00:00,0.3225,0.0
462,2026-01-07 06:00:00+00:00,0.32175,0.0
463,2026-01-07 07:00:00+00:00,0.32025,0.0
464,2026-01-07 08:00:00+00:00,0.31975,0.0
465,2026-01-07 09:00:00+00:00,0.3195,0.0
466,2026-01-07 10:00:00+00:00,0.319,0.0
467,2026-01-07 11:00:00+00:00,0.31875,0.0
468,2026-01-07 12:00:00+00:00,0.31825,0.0
469,2026-01-07 13:00:00+00:00,0.317,0.0
470,2026-01-07 14:00:00+00:00,0.3165,0.0
471,2026-01-07 15:00:00+00:00,0.31625003,0.0
472,2026-01-07 16:00:00+00:00,0.31599998,0.0
473,2026-01-07 17:00:00+00:00,0.31550002,0.0
474,2026-01-07 18:00:00+00:00,0.31524998,0.0
475,2026-01-07 19:00:00+00:00,0.31024998,0.0
476,2026-01-07 20:00:00+00:00,0.31024998,0.0
477,2026-01-07 21:00:00+00:00,0.31,0.0
478,2026-01-07 22:00:00+00:00,0.31,0.0
479,2026-01-07 23:00:00+00:00,0.30975002,0.0
480,2026-01-08 00:00:00+00:00,0.30975002,0.0
481,2026-01-08 01:00:00+00:00,0.30949998,0.0
482,2026-01-08 02:00:00+00:00,0.30975002,0.0
483,2026-01-08 03:00:00+00:00,0.30975002,0.0
484,2026-01-08 04:00:00+00:00,0.30975002,0.0
485,2026-01-08 05:00:00+00:00,0.30949998,0.0
486,2026-01-08 06:00:00+00:00,0.30925,0.0
487,2026-01-08 07:00:00+00:00,0.309,0.0
488,2026-01-08 08:00:00+00:00,0.309,0.0
489,2026-01-08 09:00:00+00:00,0.309,0.0
490,2026-01-08 10:00:00+00:00,0.309,0.0
491,2026-01-08 11:00:00+00:00,0.30975,0.0
492,2026-01-08 12:00:00+00:00,0.30949998,0.0
493,2026-01-08 13:00:00+00:00,0.30725,0.0
494,2026-01-08 14:00:00+00:00,0.30650002,0.0
495,2026-01-08 15:00:00+00:00,0.3055,0.0
496,2026-01-08 16:00:00+00:00,0.3055,0.0
497,2026-01-08 17:00:00+00:00,0.305,0.0
498,2026-01-08 18:00:00+00:00,0.30475,0.0
499,2026-01-08 19:00:00+00:00,0.29525,0.0
500,2026-01-08 20:00:00+00:00,0.29950002,0.1
501,2026-01-08 21:00:00+00:00,0.30525,0.0
502,2026-01-08 22:00:00+00:00,0.30425,0.0
503,2026-01-08 23:00:00+00:00,0.30375,0.0
504,2026-01-09 00:00:00+00:00,0.32625,0.0
505,2026-01-09 01:00:00+00:00,0.32825,0.0
506,2026-01-09 02:00:00+00:00,0.34700003,0.0
507,2026-01-09 03:00:00+00:00,0.348,0.0
508,2026-01-09 04:00:00+00:00,0.34325,1.3
509,2026-01-09 05:00:00+00:00,0.345,0.6
510,2026-01-09 06:00:00+00:00,0.35525,0.0
511,2026-01-09 07:00:00+00:00,0.34475,0.0
512,2026-01-09 08:00:00+00:00,0.34074998,0.0
513,2026-01-09 09:00:00+00:00,0.343,0.0
514,2026-01-09 10:00:00+00:00,0.34149998,0.0
515,2026-01-09 11:00:00+00:00,0.33625,0.0
516,2026-01-09 12:00:00+00:00,0.33325002,0.0
517,2026-01-09 13:00:00+00:00,0.32999998,0.0
518,2026-01-09 14:00:00+00:00,0.3285,0.0
519,2026-01-09 15:00:00+00:00,0.32675,0.0
520,2026-01-09 16:00:00+00:00,0.325,0.0
521,2026-01-09 17:00:00+00:00,0.324,0.0
522,2026-01-09 18:00:00+00:00,0.323,0.0
523,2026-01-09 19:00:00+00:00,0.32125002,0.0
524,2026-01-09 20:00:00+00:00,0.32025,0.0
525,2026-01-09 21:00:00+00:00,0.31975,0.0
526,2026-01-09 22:00:00+00:00,0.319,0.0
527,2026-01-09 23:00:00+00:00,0.31825,0.0
528,2026-01-10 00:00:00+00:00,0.3175,0.0
529,2026-01-10 01:00:00+00:00,0.3165,0.0
530,2026-01-10 02:00:00+00:00,0.316,0.0
531,2026-01-10 03:00:00+00:00,0.3155,0.0
532,2026-01-10 04:00:00+00:00,0.31449997,0.0
533,2026-01-10 05:00:00+00:00,0.31425,0.0
534,2026-01-10 06:00:00+00:00,0.31375,0.0
535,2026-01-10 07:00:00+00:00,0.3125,0.0
536,2026-01-10 08:00:00+00:00,0.31225002,0.0
537,2026-01-10 09:00:00+00:00,0.3115,0.0
538,2026-01-10 10:00:00+00:00,0.311,0.0
539,2026-01-10 11:00:00+00:00,0.31024998,0.0
540,2026-01-10 12:00:00+00:00,0.30949998,0.0
541,2026-01-10 13:00:00+00:00,0.30900002,0.0
542,2026-01-10 14:00:00+00:00,0.3085,0.2
543,2026-01-10 15:00:00+00:00,0.31699997,0.8
544,2026-01-10 16:00:00+00:00,0.3225,1.1
545,2026-01-10 17:00:00+00:00,0.32225,1.0
546,2026-01-10 18:00:00+00:00,0.32250002,0.1
547,2026-01-10 19:00:00+00:00,0.32849997,0.0
548,2026-01-10 20:00:00+00:00,0.3255,0.0
549,2026-01-10 21:00:00+00:00,0.32325,0.0
550,2026-01-10 22:00:00+00:00,0.3215,0.0
551,2026-01-10 23:00:00+00:00,0.32025,0.0
552,2026-01-11 00:00:00+00:00,0.3195,0.0
553,2026-01-11 01:00:00+00:00,0.32050002,0.0
554,2026-01-11 02:00:00+00:00,0.32050002,0.0
555,2026-01-11 03:00:00+00:00,0.31975,0.0
556,2026-01-11 04:00:00+00:00,0.31950003,0.1
557,2026-01-11 05:00:00+00:00,0.31925002,0.0
558,2026-01-11 06:00:00+00:00,0.319,0.0
559,2026-01-11 07:00:00+00:00,0.31875,0.0
560,2026-01-11 08:00:00+00:00,0.31825,0.0
561,2026-01-11 09:00:00+00:00,0.31775,0.0
562,2026-01-11 10:00:00+00:00,0.31724998,0.0
563,2026-01-11 11:00:00+00:00,0.317,0.0
564,2026-01-11 12:00:00+00:00,0.3165,0.0
565,2026-01-11 13:00:00+00:00,0.31599998,0.0
566,2026-01-11 14:00:00+00:00,0.3155,0.0
567,2026-01-11 15:00:00+00:00,0.315,0.0
568,2026-01-11 16:00:00+00:00,0.3145,0.0
569,2026-01-11 17:00:00+00:00,0.31425,0.0
570,2026-01-11 18:00:00+00:00,0.3135,0.0
571,2026-01-11 19:00:00+00:00,0.3085,0.0
572,2026-01-11 20:00:00+00:00,0.308,0.0
573,2026-01-11 21:00:00+00:00,0.30775,0.0
574,2026-01-11 22:00:00+00:00,0.3075,0.0
575,2026-01-11 23:00:00+00:00,0.30699998,0.0
576,2026-01-12 00:00:00+00:00,0.30675,0.0
577,2026-01-12 01:00:00+00:00,0.30675,0.0
578,2026-01-12 02:00:00+00:00,0.30624998,0.0
579,2026-01-12 03:00:00+00:00,0.30575,0.0
580,2026-01-12 04:00:00+00:00,0.30575,0.0
581,2026-01-12 05:00:00+00:00,0.30525,0.0
582,2026-01-12 06:00:00+00:00,0.305,0.0
583,2026-01-12 07:00:00+00:00,0.30449998,0.0
584,2026-01-12 08:00:00+00:00,0.30400002,0.0
585,2026-01-12 09:00:00+00:00,0.30400002,0.0
586,2026-01-12 10:00:00+00:00,0.3035,0.0
587,2026-01-12 11:00:00+00:00,0.30325,0.0
588,2026-01-12 12:00:00+00:00,0.30225,0.0
589,2026-01-12 13:00:00+00:00,0.302,0.0
590,2026-01-12 14:00:00+00:00,0.3015,0.0
591,2026-01-12 15:00:00+00:00,0.30075002,0.0
592,2026-01-12 16:00:00+00:00,0.3005,0.0
593,2026-01-12 17:00:00+00:00,0.3005,0.0
594,2026-01-12 18:00:00+00:00,0.30049998,0.0
595,2026-01-12 19:00:00+00:00,0.3005,0.0
596,2026-01-12 20:00:00+00:00,0.30025,0.0
597,2026-01-12 21:00:00+00:00,0.2995,0.0
598,2026-01-12 22:00:00+00:00,0.2995,0.0
599,2026-01-12 23:00:00+00:00,0.2995,0.0
600,2026-01-13 00:00:00+00:00,0.2995,0.0
601,2026-01-13 01:00:00+00:00,0.29925,0.0
602,2026-01-13 02:00:00+00:00,0.299,0.0
603,2026-01-13 03:00:00+00:00,0.299,0.0
604,2026-01-13 04:00:00+00:00,0.299,0.0
605,2026-01-13 05:00:00+00:00,0.299,0.0
606,2026-01-13 06:00:00+00:00,0.299,0.0
607,2026-01-13 07:00:00+00:00,0.29874998,0.0
608,2026-01-13 08:00:00+00:00,0.29874998,0.0
609,2026-01-13 09:00:00+00:00,0.29825002,0.0
610,2026-01-13 10:00:00+00:00,0.29799998,0.0
611,2026-01-13 11:00:00+00:00,0.29799998,0.0
612,2026-01-13 12:00:00+00:00,0.29749998,0.0
613,2026-01-13 13:00:00+00:00,0.2985,0.0
614,2026-01-13 14:00:00+00:00,0.30150002,0.1
615,2026-01-13 15:00:00+00:00,0.30075002,0.0
616,2026-01-13 16:00:00+00:00,0.30025,0.0
617,2026-01-13 17:00:00+00:00,0.29975,0.0
618,2026-01-13 18:00:00+00:00,0.299,0.0
619,2026-01-13 19:00:00+00:00,0.2975,0.0
620,2026-01-13 20:00:00+00:00,0.29724997,0.0
621,2026-01-13 21:00:00+00:00,0.29675,0.0
622,2026-01-13 22:00:00+00:00,0.296,0.0
623,2026-01-13 23:00:00+00:00,0.296,0.0
624,2026-01-14 00:00:00+00:00,0.29525,0.0
625,2026-01-14 01:00:00+00:00,0.29500002,0.0
626,2026-01-14 02:00:00+00:00,0.29475,0.0
627,2026-01-14 03:00:00+00:00,0.2945,0.0
628,2026-01-14 04:00:00+00:00,0.29425,0.0
629,2026-01-14 05:00:00+00:00,0.2935,0.0
630,2026-01-14 06:00:00+00:00,0.2935,0.0
631,2026-01-14 07:00:00+00:00,0.29299998,0.0
632,2026-01-14 08:00:00+00:00,0.29325,0.0
633,2026-01-14 09:00:00+00:00,0.29275,0.0
634,2026-01-14 10:00:00+00:00,0.2995,0.0
635,2026-01-14 11:00:00+00:00,0.30449998,0.0
636,2026-01-14 12:00:00+00:00,0.30225,0.1
637,2026-01-14 13:00:00+00:00,0.301,0.3
638,2026-01-14 14:00:00+00:00,0.29975,0.7
639,2026-01-14 15:00:00+00:00,0.299,0.4
640,2026-01-14 16:00:00+00:00,0.2985,0.6
641,2026-01-14 17:00:00+00:00,0.29799998,0.9
642,2026-01-14 18:00:00+00:00,0.29725,0.70000005
643,2026-01-14 19:00:00+00:00,0.30225,0.6
644,2026-01-14 20:00:00+00:00,0.302,0.6
645,2026-01-14 21:00:00+00:00,0.30175,0.5
646,2026-01-14 22:00:00+00:00,0.3015,0.2
647,2026-01-14 23:00:00+00:00,0.3015,0.2
648,2026-01-15 00:00:00+00:00,0.3015,0.1
649,2026-01-15 01:00:00+00:00,0.30124998,0.0
650,2026-01-15 02:00:00+00:00,0.301,0.0
651,2026-01-15 03:00:00+00:00,0.301,0.0
652,2026-01-15 04:00:00+00:00,0.301,0.0
653,2026-01-15 05:00:00+00:00,0.301,0.0
654,2026-01-15 06:00:00+00:00,0.301,0.0
655,2026-01-15 07:00:00+00:00,0.301,0.0
656,2026-01-15 08:00:00+00:00,0.301,0.0
657,2026-01-15 09:00:00+00:00,0.301,0.0
658,2026-01-15 10:00:00+00:00,0.3005,0.0
659,2026-01-15 11:00:00+00:00,0.30025,0.0
660,2026-01-15 12:00:00+00:00,0.30025,0.0
661,2026-01-15 13:00:00+00:00,0.3,0.0
662,2026-01-15 14:00:00+00:00,0.3,0.0
663,2026-01-15 15:00:00+00:00,0.3,0.0
664,2026-01-15 16:00:00+00:00,0.3,0.0
665,2026-01-15 17:00:00+00:00,0.3,0.0
666,2026-01-15 18:00:00+00:00,0.29975,0.0
667,2026-01-15 19:00:00+00:00,0.2995,0.0
668,2026-01-15 20:00:00+00:00,0.2995,0.0
669,2026-01-15 21:00:00+00:00,0.29925,0.0
670,2026-01-15 22:00:00+00:00,0.29925,0.0
671,2026-01-15 23:00:00+00:00,0.29925,0.0
672,2026-01-16 00:00:00+00:00,0.29925,0.0
673,2026-01-16 01:00:00+00:00,0.29925,0.0
674,2026-01-16 02:00:00+00:00,0.29925,0.0
675,2026-01-16 03:00:00+00:00,0.29925,0.0
676,2026-01-16 04:00:00+00:00,0.299,0.0
677,2026-01-16 05:00:00+00:00,0.29875,0.0
678,2026-01-16 06:00:00+00:00,0.29875,0.0
679,2026-01-16 07:00:00+00:00,0.29875,0.0
680,2026-01-16 08:00:00+00:00,0.2985,0.0
681,2026-01-16 09:00:00+00:00,0.2985,0.0
682,2026-01-16 10:00:00+00:00,0.29825002,0.0
683,2026-01-16 11:00:00+00:00,0.29825002,0.0
684,2026-01-16 12:00:00+00:00,0.29825002,0.0
685,2026-01-16 13:00:00+00:00,0.29799998,0.0
686,2026-01-16 14:00:00+00:00,0.29775,0.6
687,2026-01-16 15:00:00+00:00,0.29775,0.3
688,2026-01-16 16:00:00+00:00,0.29775,0.0
689,2026-01-16 17:00:00+00:00,0.29775,0.0
690,2026-01-16 18:00:00+00:00,0.2975,0.0
691,2026-01-16 19:00:00+00:00,0.2975,0.0
692,2026-01-16 20:00:00+00:00,0.2975,0.0
693,2026-01-16 21:00:00+00:00,0.2975,0.0
694,2026-01-16 22:00:00+00:00,0.2975,0.0
695,2026-01-16 23:00:00+00:00,0.2975,0.0
696,2026-01-17 00:00:00+00:00,0.29724997,0.0
697,2026-01-17 01:00:00+00:00,0.29724997,0.1
698,2026-01-17 02:00:00+00:00,0.29724997,0.0
699,2026-01-17 03:00:00+00:00,0.29724997,0.0
700,2026-01-17 04:00:00+00:00,0.297,0.0
701,2026-01-17 05:00:00+00:00,0.297,0.0
702,2026-01-17 06:00:00+00:00,0.297,0.0
703,2026-01-17 07:00:00+00:00,0.29675,0.0
704,2026-01-17 08:00:00+00:00,0.29675,0.0
705,2026-01-17 09:00:00+00:00,0.29675,0.0
706,2026-01-17 10:00:00+00:00,0.2965,0.0
707,2026-01-17 11:00:00+00:00,0.2965,0.0
708,2026-01-17 12:00:00+00:00,0.29625002,0.0
709,2026-01-17 13:00:00+00:00,0.29625002,0.0
710,2026-01-17 14:00:00+00:00,0.29575002,0.0
711,2026-01-17 15:00:00+00:00,0.29575002,0.0
712,2026-01-17 16:00:00+00:00,0.29575002,0.0
713,2026-01-17 17:00:00+00:00,0.29575002,0.0
714,2026-01-17 18:00:00+00:00,0.29575002,0.0
715,2026-01-17 19:00:00+00:00,0.29575002,0.0
716,2026-01-17 20:00:00+00:00,0.29575002,0.0
717,2026-01-17 21:00:00+00:00,0.29549998,0.0
718,2026-01-17 22:00:00+00:00,0.29525,0.0
719,2026-01-17 23:00:00+00:00,0.29525,0.0
720,2026-01-18 00:00:00+00:00,0.29500002,0.0
721,2026-01-18 01:00:00+00:00,0.29500002,0.0
722,2026-01-18 02:00:00+00:00,0.29500002,0.0
723,2026-01-18 03:00:00+00:00,0.29500002,0.0
724,2026-01-18 04:00:00+00:00,0.29500002,0.0
725,2026-01-18 05:00:00+00:00,0.29500002,0.0
726,2026-01-18 06:00:00+00:00,0.29500002,0.0
727,2026-01-18 07:00:00+00:00,0.29500002,0.0
728,2026-01-18 08:00:00+00:00,0.29500002,0.0
729,2026-01-18 09:00:00+00:00,0.29500002,0.0
730,2026-01-18 10:00:00+00:00,0.29500002,0.0
731,2026-01-18 11:00:00+00:00,0.29500002,0.1
732,2026-01-18 12:00:00+00:00,0.29500002,0.0
733,2026-01-18 13:00:00+00:00,0.29475,0.0
734,2026-01-18 14:00:00+00:00,0.29424998,0.0
735,2026-01-18 15:00:00+00:00,0.29424998,0.0
736,2026-01-18 16:00:00+00:00,0.29424998,0.0
737,2026-01-18 17:00:00+00:00,0.29399997,0.0
738,2026-01-18 18:00:00+00:00,0.29399997,0.0
739,2026-01-18 19:00:00+00:00,0.29399997,0.0
740,2026-01-18 20:00:00+00:00,0.29399997,0.0
741,2026-01-18 21:00:00+00:00,0.29399997,0.0
742,2026-01-18 22:00:00+00:00,0.29399997,0.0
743,2026-01-18 23:00:00+00:00,0.29399997,0.1
744,2026-01-19 00:00:00+00:00,0.29399997,0.0
745,2026-01-19 01:00:00+00:00,0.29399997,0.0
746,2026-01-19 02:00:00+00:00,0.29399997,0.0
747,2026-01-19 03:00:00+00:00,0.29399997,0.0
748,2026-01-19 04:00:00+00:00,0.29375,0.0
749,2026-01-19 05:00:00+00:00,0.29375,0.0
750,2026-01-19 06:00:00+00:00,0.29375,0.0
751,2026-01-19 07:00:00+00:00,0.29375,0.0
752,2026-01-19 08:00:00+00:00,0.29375,0.0
753,2026-01-19 09:00:00+00:00,0.29349998,0.4
754,2026-01-19 10:00:00+00:00,0.29349998,0.0
755,2026-01-19 11:00:00+00:00,0.29349998,0.0
756,2026-01-19 12:00:00+00:00,0.29325,0.0
757,2026-01-19 13:00:00+00:00,0.29349998,0.0
758,2026-01-19 14:00:00+00:00,0.29349998,0.0
759,2026-01-19 15:00:00+00:00,0.29349998,0.0
760,2026-01-19 16:00:00+00:00,0.29325,0.0
761,2026-01-19 17:00:00+00:00,0.29325,0.0
762,2026-01-19 18:00:00+00:00,0.29325,0.0
763,2026-01-19 19:00:00+00:00,0.29325,0.0
764,2026-01-19 20:00:00+00:00,0.29325,0.0
765,2026-01-19 21:00:00+00:00,0.29325,0.0
766,2026-01-19 22:00:00+00:00,0.29325,0.0
767,2026-01-19 23:00:00+00:00,0.29299998,0.0
768,2026-01-20 00:00:00+00:00,0.29275,0.0
769,2026-01-20 01:00:00+00:00,0.29275,0.0
770,2026-01-20 02:00:00+00:00,0.29275,0.0
771,2026-01-20 03:00:00+00:00,0.29275,0.0
772,2026-01-20 04:00:00+00:00,0.29275,0.0
773,2026-01-20 05:00:00+00:00,0.29250002,0.0
774,2026-01-20 06:00:00+00:00,0.29250002,0.0
775,2026-01-20 07:00:00+00:00,0.29250002,0.0
776,2026-01-20 08:00:00+00:00,0.29250002,0.0
777,2026-01-20 09:00:00+00:00,0.29250002,0.0
778,2026-01-20 10:00:00+00:00,0.29250002,0.0
779,2026-01-20 11:00:00+00:00,0.29250002,0.0
780,2026-01-20 12:00:00+00:00,0.29250002,0.0
781,2026-01-20 13:00:00+00:00,0.29250002,0.0
782,2026-01-20 14:00:00+00:00,0.29250002,0.0
783,2026-01-20 15:00:00+00:00,0.29250002,0.0
784,2026-01-20 16:00:00+00:00,0.29250002,0.0
785,2026-01-20 17:00:00+00:00,0.29250002,0.0
786,2026-01-20 18:00:00+00:00,0.29250002,0.0
787,2026-01-20 19:00:00+00:00,0.29250002,0.0
788,2026-01-20 20:00:00+00:00,0.29250002,0.0
789,2026-01-20 21:00:00+00:00,0.29250002,0.0
790,2026-01-20 22:00:00+00:00,0.29250002,0.0
791,2026-01-20 23:00:00+00:00,0.29250002,0.0
792,2026-01-21 00:00:00+00:00,0.29250002,0.0
793,2026-01-21 01:00:00+00:00,0.29250002,0.0
794,2026-01-21 02:00:00+00:00,0.29250002,0.0
795,2026-01-21 03:00:00+00:00,0.29250002,0.0
796,2026-01-21 04:00:00+00:00,0.29250002,0.0
797,2026-01-21 05:00:00+00:00,0.29250002,0.0
798,2026-01-21 06:00:00+00:00,0.29250002,0.1
799,2026-01-21 07:00:00+00:00,0.29250002,0.6
800,2026-01-21 08:00:00+00:00,0.29225,0.3
801,2026-01-21 09:00:00+00:00,0.29225,0.3
802,2026-01-21 10:00:00+00:00,0.292,0.0
803,2026-01-21 11:00:00+00:00,0.292,0.0
804,2026-01-21 12:00:00+00:00,0.292,0.0
805,2026-01-21 13:00:00+00:00,0.292,0.70000005
806,2026-01-21 14:00:00+00:00,0.2925,0.1
807,2026-01-21 15:00:00+00:00,0.29375,0.0
808,2026-01-21 16:00:00+00:00,0.29375,0.0
809,2026-01-21 17:00:00+00:00,0.29375,0.0
810,2026-01-21 18:00:00+00:00,0.29375,0.0
811,2026-01-21 19:00:00+00:00,0.2935,0.0
812,2026-01-21 20:00:00+00:00,0.2935,0.0
813,2026-01-21 21:00:00+00:00,0.29325,0.0
814,2026-01-21 22:00:00+00:00,0.29325,0.0
815,2026-01-21 23:00:00+00:00,0.29325,0.0
816,2026-01-22 00:00:00+00:00,0.2935,0.0
817,2026-01-22 01:00:00+00:00,0.2935,0.0
818,2026-01-22 02:00:00+00:00,0.29325,0.0
819,2026-01-22 03:00:00+00:00,0.29325,0.0
820,2026-01-22 04:00:00+00:00,0.29325,0.0
821,2026-01-22 05:00:00+00:00,0.29325,0.0
822,2026-01-22 06:00:00+00:00,0.29325,0.0
823,2026-01-22 07:00:00+00:00,0.29299998,0.0
824,2026-01-22 08:00:00+00:00,0.29299998,0.4
825,2026-01-22 09:00:00+00:00,0.29299998,0.0
826,2026-01-22 10:00:00+00:00,0.29299998,0.0
827,2026-01-22 11:00:00+00:00,0.29299998,0.0
828,2026-01-22 12:00:00+00:00,0.29275,0.0
829,2026-01-22 13:00:00+00:00,0.2925,0.0
830,2026-01-22 14:00:00+00:00,0.2925,0.0
831,2026-01-22 15:00:00+00:00,0.2925,0.0
832,2026-01-22 16:00:00+00:00,0.2925,0.0
833,2026-01-22 17:00:00+00:00,0.2925,0.0
834,2026-01-22 18:00:00+00:00,0.2925,0.0
835,2026-01-22 19:00:00+00:00,0.2925,0.0
836,2026-01-22 20:00:00+00:00,0.2925,0.0
837,2026-01-22 21:00:00+00:00,0.2925,0.0
838,2026-01-22 22:00:00+00:00,0.2925,0.0
839,2026-01-22 23:00:00+00:00,0.2925,0.0
840,2026-01-23 00:00:00+00:00,0.29224998,0.0
841,2026-01-23 01:00:00+00:00,0.29224998,0.0
842,2026-01-23 02:00:00+00:00,0.292,0.0
843,2026-01-23 03:00:00+00:00,0.292,0.0
844,2026-01-23 04:00:00+00:00,0.292,0.0
845,2026-01-23 05:00:00+00:00,0.292,0.0
846,2026-01-23 06:00:00+00:00,0.292,0.0
847,2026-01-23 07:00:00+00:00,0.29175,0.0
848,2026-01-23 08:00:00+00:00,0.29175,0.0
849,2026-01-23 09:00:00+00:00,0.29175,0.0
850,2026-01-23 10:00:00+00:00,0.29175,0.0
851,2026-01-23 11:00:00+00:00,0.29175,0.0
852,2026-01-23 12:00:00+00:00,0.29175,0.0
853,2026-01-23 13:00:00+00:00,0.29175,0.0
854,2026-01-23 14:00:00+00:00,0.29175,0.0
855,2026-01-23 15:00:00+00:00,0.29175,0.0
856,2026-01-23 16:00:00+00:00,0.29175,0.0
857,2026-01-23 17:00:00+00:00,0.29175,0.0
858,2026-01-23 18:00:00+00:00,0.29175,0.0
859,2026-01-23 19:00:00+00:00,0.29175,0.0
860,2026-01-23 20:00:00+00:00,0.29175,0.0
861,2026-01-23 21:00:00+00:00,0.29175,0.0
862,2026-01-23 22:00:00+00:00,0.29175,0.0
863,2026-01-23 23:00:00+00:00,0.29175,0.0
864,2026-01-24 00:00:00+00:00,0.29175,0.0
865,2026-01-24 01:00:00+00:00,0.29175,0.0
866,2026-01-24 02:00:00+00:00,0.29175,0.0
867,2026-01-24 03:00:00+00:00,0.29175,0.0
868,2026-01-24 04:00:00+00:00,0.29175,0.0
869,2026-01-24 05:00:00+00:00,0.29175,0.0
870,2026-01-24 06:00:00+00:00,0.29175,0.0
871,2026-01-24 07:00:00+00:00,0.29175,0.0
872,2026-01-24 08:00:00+00:00,0.29175,0.0
873,2026-01-24 09:00:00+00:00,0.29175,0.0
874,2026-01-24 10:00:00+00:00,0.29175,0.0
875,2026-01-24 11:00:00+00:00,0.29175,0.0
876,2026-01-24 12:00:00+00:00,0.29175,0.0
877,2026-01-24 13:00:00+00:00,0.29175,0.0
878,2026-01-24 14:00:00+00:00,0.29175,0.0
879,2026-01-24 15:00:00+00:00,0.29175,0.0
880,2026-01-24 16:00:00+00:00,0.29150003,0.0
881,2026-01-24 17:00:00+00:00,0.29125,0.0
882,2026-01-24 18:00:00+00:00,0.29125,0.0
883,2026-01-24 19:00:00+00:00,0.29125,0.0
884,2026-01-24 20:00:00+00:00,0.29125,0.0
885,2026-01-24 21:00:00+00:00,0.29125,0.0
886,2026-01-24 22:00:00+00:00,0.291,0.0
887,2026-01-24 23:00:00+00:00,0.291,0.0
888,2026-01-25 00:00:00+00:00,0.291,0.0
889,2026-01-25 01:00:00+00:00,0.291,0.0
890,2026-01-25 02:00:00+00:00,0.291,0.0
891,2026-01-25 03:00:00+00:00,0.291,0.1
892,2026-01-25 04:00:00+00:00,0.291,0.1
893,2026-01-25 05:00:00+00:00,0.291,0.3
894,2026-01-25 06:00:00+00:00,0.291,0.3
895,2026-01-25 07:00:00+00:00,0.291,0.5
896,2026-01-25 08:00:00+00:00,0.291,0.4
897,2026-01-25 09:00:00+00:00,0.291,0.3
898,2026-01-25 10:00:00+00:00,0.291,0.7
899,2026-01-25 11:00:00+00:00,0.291,0.6
900,2026-01-25 12:00:00+00:00,0.291,0.4
901,2026-01-25 13:00:00+00:00,0.291,0.3
902,2026-01-25 14:00:00+00:00,0.291,0.3
903,2026-01-25 15:00:00+00:00,0.291,0.3
904,2026-01-25 16:00:00+00:00,0.291,0.3
905,2026-01-25 17:00:00+00:00,0.291,0.3
906,2026-01-25 18:00:00+00:00,0.291,0.3
907,2026-01-25 19:00:00+00:00,0.291,0.3
908,2026-01-25 20:00:00+00:00,0.291,0.0
909,2026-01-25 21:00:00+00:00,0.291,0.0
910,2026-01-25 22:00:00+00:00,0.291,0.0
911,2026-01-25 23:00:00+00:00,0.291,0.0
912,2026-01-26 00:00:00+00:00,0.291,0.0
913,2026-01-26 01:00:00+00:00,0.291,0.0
914,2026-01-26 02:00:00+00:00,0.291,0.0
915,2026-01-26 03:00:00+00:00,0.291,0.0
916,2026-01-26 04:00:00+00:00,0.291,0.0
917,2026-01-26 05:00:00+00:00,0.291,0.0
918,2026-01-26 06:00:00+00:00,0.291,0.0
919,2026-01-26 07:00:00+00:00,0.291,0.0
920,2026-01-26 08:00:00+00:00,0.291,0.0
921,2026-01-26 09:00:00+00:00,0.291,0.0
922,2026-01-26 10:00:00+00:00,0.291,0.0
923,2026-01-26 11:00:00+00:00,0.291,0.0
924,2026-01-26 12:00:00+00:00,0.291,0.0
925,2026-01-26 13:00:00+00:00,0.291,0.0
926,2026-01-26 14:00:00+00:00,0.291,0.0
927,2026-01-26 15:00:00+00:00,0.291,0.0
928,2026-01-26 16:00:00+00:00,0.291,0.0
929,2026-01-26 17:00:00+00:00,0.291,0.0
930,2026-01-26 18:00:00+00:00,0.291,0.0
931,2026-01-26 19:00:00+00:00,0.291,0.0
932,2026-01-26 20:00:00+00:00,0.291,0.0
933,2026-01-26 21:00:00+00:00,0.29075003,0.0
934,2026-01-26 22:00:00+00:00,0.29075003,0.0
935,2026-01-26 23:00:00+00:00,0.29075003,0.0
936,2026-01-27 00:00:00+00:00,0.29075003,0.0
937,2026-01-27 01:00:00+00:00,0.29075003,0.0
938,2026-01-27 02:00:00+00:00,0.29075003,0.0
939,2026-01-27 03:00:00+00:00,0.29075003,0.0
940,2026-01-27 04:00:00+00:00,0.29075003,0.0
941,2026-01-27 05:00:00+00:00,0.29075003,0.0
942,2026-01-27 06:00:00+00:00,0.29075003,0.0
943,2026-01-27 07:00:00+00:00,0.29075003,0.0
944,2026-01-27 08:00:00+00:00,0.29075003,0.0
945,2026-01-27 09:00:00+00:00,0.29075003,0.0
946,2026-01-27 10:00:00+00:00,0.29075003,0.0
947,2026-01-27 11:00:00+00:00,0.29075003,0.0
948,2026-01-27 12:00:00+00:00,0.2905,0.0
949,2026-01-27 13:00:00+00:00,0.2905,0.0
950,2026-01-27 14:00:00+00:00,0.2905,0.3
951,2026-01-27 15:00:00+00:00,0.2905,0.1
952,2026-01-27 16:00:00+00:00,0.2905,0.0
953,2026-01-27 17:00:00+00:00,0.2905,0.0
954,2026-01-27 18:00:00+00:00,0.2905,0.0
955,2026-01-27 19:00:00+00:00,0.2905,0.0
956,2026-01-27 20:00:00+00:00,0.2905,0.0
957,2026-01-27 21:00:00+00:00,0.2905,0.0
958,2026-01-27 22:00:00+00:00,0.2905,0.0
959,2026-01-27 23:00:00+00:00,0.2905,0.0
960,2026-01-28 00:00:00+00:00,0.2905,0.0
961,2026-01-28 01:00:00+00:00,0.2905,0.0
962,2026-01-28 02:00:00+00:00,0.2905,0.0
963,2026-01-28 03:00:00+00:00,0.2905,0.0
964,2026-01-28 04:00:00+00:00,0.2905,0.0
965,2026-01-28 05:00:00+00:00,0.2905,0.0
966,2026-01-28 06:00:00+00:00,0.2905,0.0
967,2026-01-28 07:00:00+00:00,0.2905,0.0
968,2026-01-28 08:00:00+00:00,0.29025,0.0
969,2026-01-28 09:00:00+00:00,0.29025,0.0
970,2026-01-28 10:00:00+00:00,0.29025,0.0
971,2026-01-28 11:00:00+00:00,0.29025,0.0
972,2026-01-28 12:00:00+00:00,0.29025,0.0
973,2026-01-28 13:00:00+00:00,0.29025,0.0
974,2026-01-28 14:00:00+00:00,0.29025,0.0
975,2026-01-28 15:00:00+00:00,0.29025,0.0
976,2026-01-28 16:00:00+00:00,0.29025,0.0
977,2026-01-28 17:00:00+00:00,0.29025,0.0
978,2026-01-28 18:00:00+00:00,0.29025,0.0
979,2026-01-28 19:00:00+00:00,0.29025,0.0
980,2026-01-28 20:00:00+00:00,0.29025,0.0
981,2026-01-28 21:00:00+00:00,0.29025,0.0
982,2026-01-28 22:00:00+00:00,0.29025,0.0
983,2026-01-28 23:00:00+00:00,0.29025,0.0
984,2026-01-29 00:00:00+00:00,0.29025,0.0
985,2026-01-29 01:00:00+00:00,0.29,0.0
986,2026-01-29 02:00:00+00:00,0.29,0.0
987,2026-01-29 03:00:00+00:00,0.29,0.0
988,2026-01-29 04:00:00+00:00,0.29,0.0
989,2026-01-29 05:00:00+00:00,0.29,0.0
990,2026-01-29 06:00:00+00:00,0.29,0.0
991,2026-01-29 07:00:00+00:00,0.29,0.0
992,2026-01-29 08:00:00+00:00,0.29,0.0
993,2026-01-29 09:00:00+00:00,0.29,0.0
994,2026-01-29 10:00:00+00:00,0.29,0.0
995,2026-01-29 11:00:00+00:00,0.29,0.0
996,2026-01-29 12:00:00+00:00,0.29,0.0
997,2026-01-29 13:00:00+00:00,0.28974998,0.0
998,2026-01-29 14:00:00+00:00,0.28974998,0.0
999,2026-01-29 15:00:00+00:00,0.28974998,0.0
1000,2026-01-29 16:00:00+00:00,0.28974998,0.0
1001,2026-01-29 17:00:00+00:00,0.28974998,0.0
1002,2026-01-29 18:00:00+00:00,0.28974998,0.0
1003,2026-01-29 19:00:00+00:00,0.28974998,0.0
1004,2026-01-29 20:00:00+00:00,0.28974998,0.0
1005,2026-01-29 21:00:00+00:00,0.28974998,0.0
1006,2026-01-29 22:00:00+00:00,0.28974998,0.0
1007,2026-01-29 23:00:00+00:00,0.28974998,0.0
1008,2026-01-30 00:00:00+00:00,0.28974998,0.0
1009,2026-01-30 01:00:00+00:00,0.28974998,0.0
1010,2026-01-30 02:00:00+00:00,0.28974998,0.0
1011,2026-01-30 03:00:00+00:00,0.28974998,0.0
1012,2026-01-30 04:00:00+00:00,0.28974998,0.0
1013,2026-01-30 05:00:00+00:00,0.28974998,0.0
1014,2026-01-30 06:00:00+00:00,0.28925,0.0
1015,2026-01-30 07:00:00+00:00,0.2895,0.0
1016,2026-01-30 08:00:00+00:00,0.2895,0.0
1017,2026-01-30 09:00:00+00:00,0.28925,0.0
1018,2026-01-30 10:00:00+00:00,0.28925,0.0
1019,2026-01-30 11:00:00+00:00,0.28925,0.0
1020,2026-01-30 12:00:00+00:00,0.28925,0.0
1021,2026-01-30 13:00:00+00:00,0.28925,0.0
1022,2026-01-30 14:00:00+00:00,0.28925,0.0
1023,2026-01-30 15:00:00+00:00,0.28925,0.0
1024,2026-01-30 16:00:00+00:00,0.28925,0.0
1025,2026-01-30 17:00:00+00:00,0.28925,0.0
1026,2026-01-30 18:00:00+00:00,0.28925,0.0
1027,2026-01-30 19:00:00+00:00,0.28925,0.0
1028,2026-01-30 20:00:00+00:00,0.28925,0.0
1029,2026-01-30 21:00:00+00:00,0.28925,0.0
1030,2026-01-30 22:00:00+00:00,0.289,0.0
1031,2026-01-30 23:00:00+00:00,0.289,0.0
1032,2026-01-31 00:00:00+00:00,0.289,0.0
1033,2026-01-31 01:00:00+00:00,0.289,0.0
1034,2026-01-31 02:00:00+00:00,0.289,0.0
1035,2026-01-31 03:00:00+00:00,0.28875,0.0
1036,2026-01-31 04:00:00+00:00,0.28875,0.0
1037,2026-01-31 05:00:00+00:00,0.28875,0.0
1038,2026-01-31 06:00:00+00:00,0.28875,0.0
1039,2026-01-31 07:00:00+00:00,0.28875,0.0
1040,2026-01-31 08:00:00+00:00,0.28875,0.0
1041,2026-01-31 09:00:00+00:00,0.28875,0.0
1042,2026-01-31 10:00:00+00:00,0.28875,0.0
1043,2026-01-31 11:00:00+00:00,0.28875,0.0
1044,2026-01-31 12:00:00+00:00,0.2885,0.0
1045,2026-01-31 13:00:00+00:00,0.2885,0.0
1046,2026-01-31 14:00:00+00:00,0.2885,0.0
1047,2026-01-31 15:00:00+00:00,0.2885,0.0
1048,2026-01-31 16:00:00+00:00,0.2885,0.0
1049,2026-01-31 17:00:00+00:00,0.2885,0.0
1050,2026-01-31 18:00:00+00:00,0.2885,0.0
1051,2026-01-31 19:00:00+00:00,0.2885,0.0
1052,2026-01-31 20:00:00+00:00,0.2885,0.0
1053,2026-01-31 21:00:00+00:00,0.2885,0.0
1054,2026-01-31 22:00:00+00:00,0.2885,0.0
1055,2026-01-31 23:00:00+00:00,0.2885,0.0
1056,2026-02-01 00:00:00+00:00,0.2885,0.0
1057,2026-02-01 01:00:00+00:00,0.2885,0.0
1058,2026-02-01 02:00:00+00:00,0.2885,0.0
1059,2026-02-01 03:00:00+00:00,0.2885,0.0
1060,2026-02-01 04:00:00+00:00,0.2885,0.0
1061,2026-02-01 05:00:00+00:00,0.2885,0.0
1062,2026-02-01 06:00:00+00:00,0.2885,0.0
1063,2026-02-01 07:00:00+00:00,0.2885,0.0
1064,2026-02-01 08:00:00+00:00,0.28825,0.0
1065,2026-02-01 09:00:00+00:00,0.28825,0.0
1066,2026-02-01 10:00:00+00:00,0.28825,0.0
1067,2026-02-01 11:00:00+00:00,0.28825,0.0
1068,2026-02-01 12:00:00+00:00,0.28825,0.0
1069,2026-02-01 13:00:00+00:00,0.28825,0.0
1070,2026-02-01 14:00:00+00:00,0.2885,0.0
1071,2026-02-01 15:00:00+00:00,0.28875,0.0
1072,2026-02-01 16:00:00+00:00,0.28875,0.0
1073,2026-02-01 17:00:00+00:00,0.28875,0.0
1074,2026-02-01 18:00:00+00:00,0.28875,0.0
1075,2026-02-01 19:00:00+00:00,0.2885,0.0
1076,2026-02-01 20:00:00+00:00,0.2885,0.0
1077,2026-02-01 21:00:00+00:00,0.2885,0.0
1078,2026-02-01 22:00:00+00:00,0.2885,0.0
1079,2026-02-01 23:00:00+00:00,0.2885,0.0
1080,2026-02-02 00:00:00+00:00,0.2885,0.0
1081,2026-02-02 01:00:00+00:00,0.2885,0.0
1082,2026-02-02 02:00:00+00:00,0.2885,0.0
1083,2026-02-02 03:00:00+00:00,0.2885,0.0
1084,2026-02-02 04:00:00+00:00,0.2885,0.0
1085,2026-02-02 05:00:00+00:00,0.2885,0.0
1086,2026-02-02 06:00:00+00:00,0.2885,0.0
1087,2026-02-02 07:00:00+00:00,0.2885,0.0
1088,2026-02-02 08:00:00+00:00,0.2885,0.0
1089,2026-02-02 09:00:00+00:00,0.2885,0.0
1090,2026-02-02 10:00:00+00:00,0.28825,0.5
1091,2026-02-02 11:00:00+00:00,0.28825,0.1
1092,2026-02-02 12:00:00+00:00,0.28825,0.0
1093,2026-02-02 13:00:00+00:00,0.28825,0.0
1094,2026-02-02 14:00:00+00:00,0.28825,0.0
1095,2026-02-02 15:00:00+00:00,0.28825,0.0
1096,2026-02-02 16:00:00+00:00,0.28825,0.0
1097,2026-02-02 17:00:00+00:00,0.28825,0.0
1098,2026-02-02 18:00:00+00:00,0.28825,0.0
1099,2026-02-02 19:00:00+00:00,0.28825,0.0
1100,2026-02-02 20:00:00+00:00,0.28825,0.3
1101,2026-02-02 21:00:00+00:00,0.288,0.1
1102,2026-02-02 22:00:00+00:00,0.288,0.0
1103,2026-02-02 23:00:00+00:00,0.288,0.0
1104,2026-02-03 00:00:00+00:00,0.288,0.0
1105,2026-02-03 01:00:00+00:00,0.288,0.0
1106,2026-02-03 02:00:00+00:00,0.288,0.0
1107,2026-02-03 03:00:00+00:00,0.288,0.0
1108,2026-02-03 04:00:00+00:00,0.288,0.0
1109,2026-02-03 05:00:00+00:00,0.28775,0.0
1110,2026-02-03 06:00:00+00:00,0.28775,0.0
1111,2026-02-03 07:00:00+00:00,0.28775,0.0
1112,2026-02-03 08:00:00+00:00,0.28775,0.0
1113,2026-02-03 09:00:00+00:00,0.28775,0.0
1114,2026-02-03 10:00:00+00:00,0.28775,0.0
1115,2026-02-03 11:00:00+00:00,0.28775,0.0
1116,2026-02-03 12:00:00+00:00,0.28825,0.0
1117,2026-02-03 13:00:00+00:00,0.29075,0.0
1118,2026-02-03 14:00:00+00:00,0.29549998,0.0
1119,2026-02-03 15:00:00+00:00,0.297,0.0
1120,2026-02-03 16:00:00+00:00,0.297,0.0
1121,2026-02-03 17:00:00+00:00,0.29724997,0.0
1122,2026-02-03 18:00:00+00:00,0.29725,0.0
1123,2026-02-03 19:00:00+00:00,0.29749998,0.0
1124,2026-02-03 20:00:00+00:00,0.29725,0.0
1125,2026-02-03 21:00:00+00:00,0.29749998,0.0
1126,2026-02-03 22:00:00+00:00,0.29724997,0.0
1127,2026-02-03 23:00:00+00:00,0.29749998,0.0
1128,2026-02-04 00:00:00+00:00,0.29725,0.0
1129,2026-02-04 01:00:00+00:00,0.29725,0.0
1130,2026-02-04 02:00:00+00:00,0.29749998,0.0
1131,2026-02-04 03:00:00+00:00,0.29749998,0.0
1132,2026-02-04 04:00:00+00:00,0.29749998,0.0
1133,2026-02-04 05:00:00+00:00,0.29725,0.0
1134,2026-02-04 06:00:00+00:00,0.29725,0.0
1135,2026-02-04 07:00:00+00:00,0.29725,0.0
1136,2026-02-04 08:00:00+00:00,0.29725,0.0
1137,2026-02-04 09:00:00+00:00,0.29725,0.0
1138,2026-02-04 10:00:00+00:00,0.29725,0.0
1139,2026-02-04 11:00:00+00:00,0.29725,0.0
1140,2026-02-04 12:00:00+00:00,0.297,0.0
1141,2026-02-04 13:00:00+00:00,0.29725,0.0
1142,2026-02-04 14:00:00+00:00,0.29775,0.0
1143,2026-02-04 15:00:00+00:00,0.29825,0.0
1144,2026-02-04 16:00:00+00:00,0.29825,0.0
1145,2026-02-04 17:00:00+00:00,0.298,0.0
1146,2026-02-04 18:00:00+00:00,0.298,0.0
1147,2026-02-04 19:00:00+00:00,0.298,0.0
1148,2026-02-04 20:00:00+00:00,0.298,0.0
1149,2026-02-04 21:00:00+00:00,0.29775,0.0
1150,2026-02-04 22:00:00+00:00,0.29775,0.0
1151,2026-02-04 23:00:00+00:00,0.29799998,0.0
1152,2026-02-05 00:00:00+00:00,0.29799998,0.0
1153,2026-02-05 01:00:00+00:00,0.29799998,0.0
1154,2026-02-05 02:00:00+00:00,0.29799998,0.0
1155,2026-02-05 03:00:00+00:00,0.29775,0.0
1156,2026-02-05 04:00:00+00:00,0.29775,0.0
1157,2026-02-05 05:00:00+00:00,0.29775,0.0
1158,2026-02-05 06:00:00+00:00,0.29775,0.0
1159,2026-02-05 07:00:00+00:00,0.29775,0.0
1160,2026-02-05 08:00:00+00:00,0.29775,0.0
1161,2026-02-05 09:00:00+00:00,0.29775,0.0
1162,2026-02-05 10:00:00+00:00,0.29749998,0.0
1163,2026-02-05 11:00:00+00:00,0.29749998,0.0
1164,2026-02-05 12:00:00+00:00,0.29749998,0.0
1165,2026-02-05 13:00:00+00:00,0.29749998,0.0
1166,2026-02-05 14:00:00+00:00,0.29749998,0.0
1167,2026-02-05 15:00:00+00:00,0.29775,0.0
1168,2026-02-05 16:00:00+00:00,0.29775,0.0
1169,2026-02-05 17:00:00+00:00,0.29749998,0.0
1170,2026-02-05 18:00:00+00:00,0.29725,0.0
1171,2026-02-05 19:00:00+00:00,0.29725,0.0
1172,2026-02-05 20:00:00+00:00,0.29725,0.0
1173,2026-02-05 21:00:00+00:00,0.29725,0.3
1174,2026-02-05 22:00:00+00:00,0.29725,0.3
1175,2026-02-05 23:00:00+00:00,0.29725,0.0
1176,2026-02-06 00:00:00+00:00,0.29725,0.0
1177,2026-02-06 01:00:00+00:00,0.29725,0.0
1178,2026-02-06 02:00:00+00:00,0.29725,0.0
1179,2026-02-06 03:00:00+00:00,0.297,0.0
1180,2026-02-06 04:00:00+00:00,0.297,0.0
1181,2026-02-06 05:00:00+00:00,0.297,0.0
1182,2026-02-06 06:00:00+00:00,0.297,0.0
1183,2026-02-06 07:00:00+00:00,0.297,0.5
1184,2026-02-06 08:00:00+00:00,0.297,0.6
1185,2026-02-06 09:00:00+00:00,0.297,0.5
1186,2026-02-06 10:00:00+00:00,0.297,0.1
1187,2026-02-06 11:00:00+00:00,0.297,0.0
1188,2026-02-06 12:00:00+00:00,0.29775,0.0
1189,2026-02-06 13:00:00+00:00,0.30075,0.0
1190,2026-02-06 14:00:00+00:00,0.31199998,0.0
1191,2026-02-06 15:00:00+00:00,0.31599998,0.0
1192,2026-02-06 16:00:00+00:00,0.31775,0.0
1193,2026-02-06 17:00:00+00:00,0.31825,0.0
1194,2026-02-06 18:00:00+00:00,0.3185,0.0
1195,2026-02-06 19:00:00+00:00,0.317,0.0
1196,2026-02-06 20:00:00+00:00,0.317,0.0
1197,2026-02-06 21:00:00+00:00,0.317,0.0
1198,2026-02-06 22:00:00+00:00,0.3165,0.0
1199,2026-02-06 23:00:00+00:00,0.31675,0.0
1200,2026-02-07 00:00:00+00:00,0.31675,0.0
1201,2026-02-07 01:00:00+00:00,0.3165,0.0
1202,2026-02-07 02:00:00+00:00,0.31675,0.0
1203,2026-02-07 03:00:00+00:00,0.3165,0.0
1204,2026-02-07 04:00:00+00:00,0.3165,0.0
1205,2026-02-07 05:00:00+00:00,0.3165,0.0
1206,2026-02-07 06:00:00+00:00,0.31625,0.0
1207,2026-02-07 07:00:00+00:00,0.3165,0.0
1208,2026-02-07 08:00:00+00:00,0.316,0.0
1209,2026-02-07 09:00:00+00:00,0.316,0.0
1210,2026-02-07 10:00:00+00:00,0.31599998,0.0
1211,2026-02-07 11:00:00+00:00,0.31599998,0.0
1212,2026-02-07 12:00:00+00:00,0.31575,0.0
1213,2026-02-07 13:00:00+00:00,0.31575,0.0
1214,2026-02-07 14:00:00+00:00,0.31599998,0.0
1215,2026-02-07 15:00:00+00:00,0.31575,0.0
1216,2026-02-07 16:00:00+00:00,0.31575,0.0
1217,2026-02-07 17:00:00+00:00,0.31550002,0.0
1218,2026-02-07 18:00:00+00:00,0.31550002,0.0
1219,2026-02-07 19:00:00+00:00,0.31575,0.0
1220,2026-02-07 20:00:00+00:00,0.31550002,0.0
1221,2026-02-07 21:00:00+00:00,0.31524998,0.0
1222,2026-02-07 22:00:00+00:00,0.31524998,0.0
1223,2026-02-07 23:00:00+00:00,0.315,0.0
1224,2026-02-08 00:00:00+00:00,0.315,0.0
1225,2026-02-08 01:00:00+00:00,0.315,0.0
1226,2026-02-08 02:00:00+00:00,0.315,0.0
1227,2026-02-08 03:00:00+00:00,0.3145,0.0
1228,2026-02-08 04:00:00+00:00,0.31475002,0.0
1229,2026-02-08 05:00:00+00:00,0.31475002,0.0
1230,2026-02-08 06:00:00+00:00,0.31475002,0.0
1231,2026-02-08 07:00:00+00:00,0.31475002,0.0
1232,2026-02-08 08:00:00+00:00,0.31449997,0.0
1233,2026-02-08 09:00:00+00:00,0.31449997,0.0
1234,2026-02-08 10:00:00+00:00,0.31449997,0.0
1235,2026-02-08 11:00:00+00:00,0.31425,0.0
1236,2026-02-08 12:00:00+00:00,0.31425,0.0
1237,2026-02-08 13:00:00+00:00,0.31425,0.0
1238,2026-02-08 14:00:00+00:00,0.31475002,0.0
1239,2026-02-08 15:00:00+00:00,0.31475002,0.0
1240,2026-02-08 16:00:00+00:00,0.31475002,0.0
1241,2026-02-08 17:00:00+00:00,0.3145,0.0
1242,2026-02-08 18:00:00+00:00,0.3145,0.0
1243,2026-02-08 19:00:00+00:00,0.3145,0.0
1244,2026-02-08 20:00:00+00:00,0.3145,0.0
1245,2026-02-08 21:00:00+00:00,0.31425,0.0
1246,2026-02-08 22:00:00+00:00,0.31399998,0.0
1247,2026-02-08 23:00:00+00:00,0.31399998,0.0
1248,2026-02-09 00:00:00+00:00,0.31399998,0.0
1249,2026-02-09 01:00:00+00:00,0.31399998,0.0
1250,2026-02-09 02:00:00+00:00,0.31399998,0.0
1251,2026-02-09 03:00:00+00:00,0.31375,0.0
1252,2026-02-09 04:00:00+00:00,0.31375,0.0
1253,2026-02-09 05:00:00+00:00,0.31375,0.0
1254,2026-02-09 06:00:00+00:00,0.31375,0.0
1255,2026-02-09 07:00:00+00:00,0.31375,0.0
1256,2026-02-09 08:00:00+00:00,0.31375,0.0
1257,2026-02-09 09:00:00+00:00,0.3135,0.0
1258,2026-02-09 10:00:00+00:00,0.31325,0.0
1259,2026-02-09 11:00:00+00:00,0.31325,0.0
1260,2026-02-09 12:00:00+00:00,0.31325,0.0
1261,2026-02-09 13:00:00+00:00,0.31325,0.0
1262,2026-02-09 14:00:00+00:00,0.3135,0.0
1263,2026-02-09 15:00:00+00:00,0.31399998,0.0
1264,2026-02-09 16:00:00+00:00,0.31399998,0.0
1265,2026-02-09 17:00:00+00:00,0.31375,0.0
1266,2026-02-09 18:00:00+00:00,0.31375,0.0
1267,2026-02-09 19:00:00+00:00,0.3135,0.0
1268,2026-02-09 20:00:00+00:00,0.3135,0.0
1269,2026-02-09 21:00:00+00:00,0.3135,0.0
1270,2026-02-09 22:00:00+00:00,0.3135,0.0
1271,2026-02-09 23:00:00+00:00,0.31325,0.0
1272,2026-02-10 00:00:00+00:00,0.3135,0.0
1273,2026-02-10 01:00:00+00:00,0.3135,0.0
1274,2026-02-10 02:00:00+00:00,0.3135,0.0
1275,2026-02-10 03:00:00+00:00,0.3135,0.0
1276,2026-02-10 04:00:00+00:00,0.3135,0.0
1277,2026-02-10 05:00:00+00:00,0.3135,0.0
1278,2026-02-10 06:00:00+00:00,0.31300002,0.0
1279,2026-02-10 07:00:00+00:00,0.31300002,0.0
1280,2026-02-10 08:00:00+00:00,0.31300002,0.0
1281,2026-02-10 09:00:00+00:00,0.31300002,0.0
1282,2026-02-10 10:00:00+00:00,0.31300002,0.0
1283,2026-02-10 11:00:00+00:00,0.314,0.0
1284,2026-02-10 12:00:00+00:00,0.32099998,0.0
1285,2026-02-10 13:00:00+00:00,0.3295,0.0
1286,2026-02-10 14:00:00+00:00,0.33325002,0.0
1287,2026-02-10 15:00:00+00:00,0.33525002,0.0
1288,2026-02-10 16:00:00+00:00,0.33625,0.0
1289,2026-02-10 17:00:00+00:00,0.33600003,0.0
1290,2026-02-10 18:00:00+00:00,0.336,0.0
1291,2026-02-10 19:00:00+00:00,0.33525,0.0
1292,2026-02-10 20:00:00+00:00,0.33499998,0.0
1293,2026-02-10 21:00:00+00:00,0.33449998,0.0
1294,2026-02-10 22:00:00+00:00,0.33375,0.0
1295,2026-02-10 23:00:00+00:00,0.334,0.0
1296,2026-02-11 00:00:00+00:00,0.33424997,0.0
1297,2026-02-11 01:00:00+00:00,0.3365,0.0
1298,2026-02-11 02:00:00+00:00,0.33575,0.0
1299,2026-02-11 03:00:00+00:00,0.33400002,0.0
1300,2026-02-11 04:00:00+00:00,0.33249998,0.0
1301,2026-02-11 05:00:00+00:00,0.3315,0.0
1302,2026-02-11 06:00:00+00:00,0.33025,0.0
1303,2026-02-11 07:00:00+00:00,0.329,0.0
1304,2026-02-11 08:00:00+00:00,0.32875,0.0
1305,2026-02-11 09:00:00+00:00,0.328,0.0
1306,2026-02-11 10:00:00+00:00,0.32725,0.0
1307,2026-02-11 11:00:00+00:00,0.329,0.0
1308,2026-02-11 12:00:00+00:00,0.3355,0.0
1309,2026-02-11 13:00:00+00:00,0.339,0.0
1310,2026-02-11 14:00:00+00:00,0.3425,0.0
1311,2026-02-11 15:00:00+00:00,0.34375,0.0
1312,2026-02-11 16:00:00+00:00,0.343,0.0
1313,2026-02-11 17:00:00+00:00,0.34225,0.0
1314,2026-02-11 18:00:00+00:00,0.34125,0.0
1315,2026-02-11 19:00:00+00:00,0.3385,0.0
1316,2026-02-11 20:00:00+00:00,0.33725,0.0
1317,2026-02-11 21:00:00+00:00,0.33674997,0.0
1318,2026-02-11 22:00:00+00:00,0.33600003,0.0
1319,2026-02-11 23:00:00+00:00,0.33525002,0.0
1320,2026-02-12 00:00:00+00:00,0.33475,0.0
1321,2026-02-12 01:00:00+00:00,0.33424997,0.0
1322,2026-02-12 02:00:00+00:00,0.3335,0.0
1323,2026-02-12 03:00:00+00:00,0.3335,0.0
1324,2026-02-12 04:00:00+00:00,0.333,0.0
1325,2026-02-12 05:00:00+00:00,0.3325,0.0
1326,2026-02-12 06:00:00+00:00,0.33225,0.0
1327,2026-02-12 07:00:00+00:00,0.33175,0.0
1328,2026-02-12 08:00:00+00:00,0.33125,0.0
1329,2026-02-12 09:00:00+00:00,0.331,0.0
1330,2026-02-12 10:00:00+00:00,0.33075002,0.0
1331,2026-02-12 11:00:00+00:00,0.33075,0.0
1332,2026-02-12 12:00:00+00:00,0.33174998,0.0
1333,2026-02-12 13:00:00+00:00,0.3405,0.0
1334,2026-02-12 14:00:00+00:00,0.3445,0.0
1335,2026-02-12 15:00:00+00:00,0.34600002,0.0
1336,2026-02-12 16:00:00+00:00,0.34574997,0.0
1337,2026-02-12 17:00:00+00:00,0.34525,0.0
1338,2026-02-12 18:00:00+00:00,0.34399998,0.0
1339,2026-02-12 19:00:00+00:00,0.34125003,0.0
1340,2026-02-12 20:00:00+00:00,0.34050003,0.0
1341,2026-02-12 21:00:00+00:00,0.3395,0.0
1342,2026-02-12 22:00:00+00:00,0.33925,0.0
1343,2026-02-12 23:00:00+00:00,0.3385,0.0
1344,2026-02-13 00:00:00+00:00,0.338,0.0
1345,2026-02-13 01:00:00+00:00,0.3375,0.0
1346,2026-02-13 02:00:00+00:00,0.33675,0.0
1347,2026-02-13 03:00:00+00:00,0.33625,0.0
1348,2026-02-13 04:00:00+00:00,0.336,0.0
1349,2026-02-13 05:00:00+00:00,0.33549997,0.0
1350,2026-02-13 06:00:00+00:00,0.33525,0.0
1351,2026-02-13 07:00:00+00:00,0.335,0.0
1352,2026-02-13 08:00:00+00:00,0.33449998,0.0
1353,2026-02-13 09:00:00+00:00,0.33425,0.0
1354,2026-02-13 10:00:00+00:00,0.33425,0.0
1355,2026-02-13 11:00:00+00:00,0.33374998,0.0
1356,2026-02-13 12:00:00+00:00,0.3355,0.0
1357,2026-02-13 13:00:00+00:00,0.33949998,0.0
1358,2026-02-13 14:00:00+00:00,0.34425,0.0
1359,2026-02-13 15:00:00+00:00,0.34625,0.0
1360,2026-02-13 16:00:00+00:00,0.34675,0.0
1361,2026-02-13 17:00:00+00:00,0.346,0.0
1362,2026-02-13 18:00:00+00:00,0.34524998,0.0
1363,2026-02-13 19:00:00+00:00,0.34225002,0.0
1364,2026-02-13 20:00:00+00:00,0.34100002,0.0
1365,2026-02-13 21:00:00+00:00,0.34025002,0.0
1366,2026-02-13 22:00:00+00:00,0.33925,0.0
1367,2026-02-13 23:00:00+00:00,0.33825,0.0
1368,2026-02-14 00:00:00+00:00,0.3375,0.0
1369,2026-02-14 01:00:00+00:00,0.33675,0.0
1370,2026-02-14 02:00:00+00:00,0.336,0.0
1371,2026-02-14 03:00:00+00:00,0.33525002,0.0
1372,2026-02-14 04:00:00+00:00,0.335,0.0
1373,2026-02-14 05:00:00+00:00,0.3345,0.0
1374,2026-02-14 06:00:00+00:00,0.33375,0.0
1375,2026-02-14 07:00:00+00:00,0.33325002,0.0
1376,2026-02-14 08:00:00+00:00,0.333,0.0
1377,2026-02-14 09:00:00+00:00,0.33249998,0.0
1378,2026-02-14 10:00:00+00:00,0.333,0.0
1379,2026-02-14 11:00:00+00:00,0.334,0.0
1380,2026-02-14 12:00:00+00:00,0.34149998,0.0
1381,2026-02-14 13:00:00+00:00,0.3465,0.0
1382,2026-02-14 14:00:00+00:00,0.34800002,0.0
1383,2026-02-14 15:00:00+00:00,0.34875,0.0
1384,2026-02-14 16:00:00+00:00,0.349,0.0
1385,2026-02-14 17:00:00+00:00,0.3475,0.0
1386,2026-02-14 18:00:00+00:00,0.3475,0.0
1387,2026-02-14 19:00:00+00:00,0.34325,0.0
1388,2026-02-14 20:00:00+00:00,0.34149998,0.0
1389,2026-02-14 21:00:00+00:00,0.33975,0.0
1390,2026-02-14 22:00:00+00:00,0.3385,0.0
1391,2026-02-14 23:00:00+00:00,0.33749998,0.0
1392,2026-02-15 00:00:00+00:00,0.3365,0.0
1393,2026-02-15 01:00:00+00:00,0.336,0.0
1394,2026-02-15 02:00:00+00:00,0.3355,0.0
1395,2026-02-15 03:00:00+00:00,0.33475,0.0
1396,2026-02-15 04:00:00+00:00,0.33449998,0.0
1397,2026-02-15 05:00:00+00:00,0.33350003,0.0
1398,2026-02-15 06:00:00+00:00,0.33325,0.0
1399,2026-02-15 07:00:00+00:00,0.33275002,0.0
1400,2026-02-15 08:00:00+00:00,0.33275002,0.0
1401,2026-02-15 09:00:00+00:00,0.33225,0.0
1402,2026-02-15 10:00:00+00:00,0.33175,0.0
1403,2026-02-15 11:00:00+00:00,0.333,0.0
1404,2026-02-15 12:00:00+00:00,0.3415,0.0
1405,2026-02-15 13:00:00+00:00,0.34625,0.0
1406,2026-02-15 14:00:00+00:00,0.34825003,0.0
1407,2026-02-15 15:00:00+00:00,0.34849998,0.0
1408,2026-02-15 16:00:00+00:00,0.34825,0.0
1409,2026-02-15 17:00:00+00:00,0.347,0.0
1410,2026-02-15 18:00:00+00:00,0.34650004,0.0
1411,2026-02-15 19:00:00+00:00,0.34399998,0.0
1412,2026-02-15 20:00:00+00:00,0.34225,0.0
1413,2026-02-15 21:00:00+00:00,0.34125,0.0
1414,2026-02-15 22:00:00+00:00,0.34000003,0.0
1415,2026-02-15 23:00:00+00:00,0.339,0.0
1416,2026-02-16 00:00:00+00:00,0.338,0.0
1417,2026-02-16 01:00:00+00:00,0.33699998,0.0
1418,2026-02-16 02:00:00+00:00,0.33650002,0.0
1419,2026-02-16 03:00:00+00:00,0.336,0.0
1420,2026-02-16 04:00:00+00:00,0.33575,0.0
1421,2026-02-16 05:00:00+00:00,0.335,0.0
1422,2026-02-16 06:00:00+00:00,0.33449998,0.0
1423,2026-02-16 07:00:00+00:00,0.334,0.0
1424,2026-02-16 08:00:00+00:00,0.33375,0.0
1425,2026-02-16 09:00:00+00:00,0.33375,0.0
1426,2026-02-16 10:00:00+00:00,0.3335,0.0
1427,2026-02-16 11:00:00+00:00,0.33525002,0.0
1428,2026-02-16 12:00:00+00:00,0.34225,0.0
1429,2026-02-16 13:00:00+00:00,0.3465,0.0
1430,2026-02-16 14:00:00+00:00,0.34875,0.0
1431,2026-02-16 15:00:00+00:00,0.34975,0.0
1432,2026-02-16 16:00:00+00:00,0.35000002,0.0
1433,2026-02-16 17:00:00+00:00,0.34974998,0.0
1434,2026-02-16 18:00:00+00:00,0.35050002,0.0
1435,2026-02-16 19:00:00+00:00,0.35,0.0
1436,2026-02-16 20:00:00+00:00,0.35075,0.0
1437,2026-02-16 21:00:00+00:00,0.35225,0.0
1438,2026-02-16 22:00:00+00:00,0.353,0.0
1439,2026-02-16 23:00:00+00:00,0.35325,0.0
1440,2026-02-17 00:00:00+00:00,0.3525,0.0
1441,2026-02-17 01:00:00+00:00,0.3525,0.0
1442,2026-02-17 02:00:00+00:00,0.35224998,0.0
1443,2026-02-17 03:00:00+00:00,0.352,0.0
1444,2026-02-17 04:00:00+00:00,0.3525,0.0
1445,2026-02-17 05:00:00+00:00,0.35275,0.0
1446,2026-02-17 06:00:00+00:00,0.3525,0.0
1447,2026-02-17 07:00:00+00:00,0.34875,0.0
1448,2026-02-17 08:00:00+00:00,0.3475,0.0
1449,2026-02-17 09:00:00+00:00,0.34849998,0.0
1450,2026-02-17 10:00:00+00:00,0.35175002,0.0
1451,2026-02-17 11:00:00+00:00,0.35525,0.0
1452,2026-02-17 12:00:00+00:00,0.3575,0.0
1453,2026-02-17 13:00:00+00:00,0.35750002,0.0
1454,2026-02-17 14:00:00+00:00,0.35775,0.0
1455,2026-02-17 15:00:00+00:00,0.3575,0.0
1456,2026-02-17 16:00:00+00:00,0.35675,0.0
1457,2026-02-17 17:00:00+00:00,0.35575,0.0
1458,2026-02-17 18:00:00+00:00,0.3565,0.0
1459,2026-02-17 19:00:00+00:00,0.35625,0.0
1460,2026-02-17 20:00:00+00:00,0.35625,0.0
1461,2026-02-17 21:00:00+00:00,0.357,0.0
1462,2026-02-17 22:00:00+00:00,0.357,0.0
1463,2026-02-17 23:00:00+00:00,0.35625,0.0
1464,2026-02-18 00:00:00+00:00,0.35575002,0.0
1465,2026-02-18 01:00:00+00:00,0.35600004,0.0
1466,2026-02-18 02:00:00+00:00,0.35625002,0.2
1467,2026-02-18 03:00:00+00:00,0.35825,0.3
1468,2026-02-18 04:00:00+00:00,0.35775,0.0
1469,2026-02-18 05:00:00+00:00,0.361,0.0
1470,2026-02-18 06:00:00+00:00,0.362,0.0
1471,2026-02-18 07:00:00+00:00,0.3615,0.0
1472,2026-02-18 08:00:00+00:00,0.36400002,0.0
1473,2026-02-18 09:00:00+00:00,0.36874998,0.0
1474,2026-02-18 10:00:00+00:00,0.3695,1.1
1475,2026-02-18 11:00:00+00:00,0.36925,0.0
1476,2026-02-18 12:00:00+00:00,0.37050003,0.0
1477,2026-02-18 13:00:00+00:00,0.36725,0.0
1478,2026-02-18 14:00:00+00:00,0.366,0.0
1479,2026-02-18 15:00:00+00:00,0.36425,0.0
1480,2026-02-18 16:00:00+00:00,0.36249998,0.0
1481,2026-02-18 17:00:00+00:00,0.36075002,0.0
1482,2026-02-18 18:00:00+00:00,0.35999998,0.0
1483,2026-02-18 19:00:00+00:00,0.3555,0.0
1484,2026-02-18 20:00:00+00:00,0.35475,0.0
1485,2026-02-18 21:00:00+00:00,0.35325,0.0
1486,2026-02-18 22:00:00+00:00,0.35175,0.0
1487,2026-02-18 23:00:00+00:00,0.35000002,0.0
1488,2026-02-19 00:00:00+00:00,0.349,0.0
1489,2026-02-19 01:00:00+00:00,0.34875,0.0
1490,2026-02-19 02:00:00+00:00,0.34875,0.0
1491,2026-02-19 03:00:00+00:00,0.34875,0.0
1492,2026-02-19 04:00:00+00:00,0.34875,0.0
1493,2026-02-19 05:00:00+00:00,0.34899998,0.0
1494,2026-02-19 06:00:00+00:00,0.3485,0.0
1495,2026-02-19 07:00:00+00:00,0.34899998,0.0
1496,2026-02-19 08:00:00+00:00,0.34899998,0.0
1497,2026-02-19 09:00:00+00:00,0.3505,0.0
1498,2026-02-19 10:00:00+00:00,0.35149997,0.4
1499,2026-02-19 11:00:00+00:00,0.3585,0.0
1500,2026-02-19 12:00:00+00:00,0.36275002,0.0
1501,2026-02-19 13:00:00+00:00,0.36174998,0.0
1502,2026-02-19 14:00:00+00:00,0.3635,0.5
1503,2026-02-19 15:00:00+00:00,0.3635,0.6
1504,2026-02-19 16:00:00+00:00,0.36299998,0.1
1505,2026-02-19 17:00:00+00:00,0.3625,0.0
1506,2026-02-19 18:00:00+00:00,0.3615,0.0
1507,2026-02-19 19:00:00+00:00,0.35575002,0.0
1508,2026-02-19 20:00:00+00:00,0.35474998,0.0
1509,2026-02-19 21:00:00+00:00,0.35425,0.0
1510,2026-02-19 22:00:00+00:00,0.3535,0.0
1511,2026-02-19 23:00:00+00:00,0.35274997,0.0
1512,2026-02-20 00:00:00+00:00,0.35175,0.0
1513,2026-02-20 01:00:00+00:00,0.35149997,0.0
1514,2026-02-20 02:00:00+00:00,0.3525,0.0
1515,2026-02-20 03:00:00+00:00,0.352,0.0
1516,2026-02-20 04:00:00+00:00,0.3525,0.0
1517,2026-02-20 05:00:00+00:00,0.355,1.2
1518,2026-02-20 06:00:00+00:00,0.35525,0.0
1519,2026-02-20 07:00:00+00:00,0.35300002,0.0
1520,2026-02-20 08:00:00+00:00,0.352,0.0
1521,2026-02-20 09:00:00+00:00,0.3525,0.0
1522,2026-02-20 10:00:00+00:00,0.35075,0.0
1523,2026-02-20 11:00:00+00:00,0.34875,0.0
1524,2026-02-20 12:00:00+00:00,0.34750003,0.0
1525,2026-02-20 13:00:00+00:00,0.34675002,0.0
1526,2026-02-20 14:00:00+00:00,0.3455,0.0
1527,2026-02-20 15:00:00+00:00,0.3445,0.0
1528,2026-02-20 16:00:00+00:00,0.343,0.0
1529,2026-02-20 17:00:00+00:00,0.34199998,0.0
1530,2026-02-20 18:00:00+00:00,0.34050003,0.0
1531,2026-02-20 19:00:00+00:00,0.342,0.0
1532,2026-02-20 20:00:00+00:00,0.34125,0.0
1533,2026-02-20 21:00:00+00:00,0.34025002,0.0
1534,2026-02-20 22:00:00+00:00,0.3395,0.0
1535,2026-02-20 23:00:00+00:00,0.33900002,0.0
1536,2026-02-21 00:00:00+00:00,0.338,0.0
1537,2026-02-21 01:00:00+00:00,0.33625,0.0
1538,2026-02-21 02:00:00+00:00,0.33475003,0.0
1539,2026-02-21 03:00:00+00:00,0.33375,0.0
1540,2026-02-21 04:00:00+00:00,0.333,0.0
1541,2026-02-21 05:00:00+00:00,0.332,0.0
1542,2026-02-21 06:00:00+00:00,0.33125,0.0
1543,2026-02-21 07:00:00+00:00,0.32999998,0.0
1544,2026-02-21 08:00:00+00:00,0.32925,0.0
1545,2026-02-21 09:00:00+00:00,0.3285,0.0
1546,2026-02-21 10:00:00+00:00,0.32775,0.0
1547,2026-02-21 11:00:00+00:00,0.3275,0.0
1548,2026-02-21 12:00:00+00:00,0.32725,0.0
1549,2026-02-21 13:00:00+00:00,0.32675,0.0
1550,2026-02-21 14:00:00+00:00,0.32625002,0.0
1551,2026-02-21 15:00:00+00:00,0.32575002,0.0
1552,2026-02-21 16:00:00+00:00,0.32525,0.0
1553,2026-02-21 17:00:00+00:00,0.3245,0.0
1554,2026-02-21 18:00:00+00:00,0.32425,0.0
1555,2026-02-21 19:00:00+00:00,0.327,0.0
1556,2026-02-21 20:00:00+00:00,0.327,0.0
1557,2026-02-21 21:00:00+00:00,0.32674998,0.1
1558,2026-02-21 22:00:00+00:00,0.326,0.6
1559,2026-02-21 23:00:00+00:00,0.3255,0.5
1560,2026-02-22 00:00:00+00:00,0.3255,0.4
1561,2026-02-22 01:00:00+00:00,0.325,0.1
1562,2026-02-22 02:00:00+00:00,0.32475,0.0
1563,2026-02-22 03:00:00+00:00,0.32450002,0.0
1564,2026-02-22 04:00:00+00:00,0.324,0.0
1565,2026-02-22 05:00:00+00:00,0.324,0.0
1566,2026-02-22 06:00:00+00:00,0.32375002,0.0
1567,2026-02-22 07:00:00+00:00,0.324,0.0
1568,2026-02-22 08:00:00+00:00,0.32375,0.0
1569,2026-02-22 09:00:00+00:00,0.32375,0.1
1570,2026-02-22 10:00:00+00:00,0.32375,0.0
1571,2026-02-22 11:00:00+00:00,0.325,0.1
1572,2026-02-22 12:00:00+00:00,0.32674998,0.0
1573,2026-02-22 13:00:00+00:00,0.32924998,0.2
1574,2026-02-22 14:00:00+00:00,0.32950002,0.0
1575,2026-02-22 15:00:00+00:00,0.3295,0.0
1576,2026-02-22 16:00:00+00:00,0.32875,0.0
1577,2026-02-22 17:00:00+00:00,0.32775003,0.0
1578,2026-02-22 18:00:00+00:00,0.32725,0.0
1579,2026-02-22 19:00:00+00:00,0.32524997,0.0
1580,2026-02-22 20:00:00+00:00,0.32475,0.1
1581,2026-02-22 21:00:00+00:00,0.32425,0.0
1582,2026-02-22 22:00:00+00:00,0.32375,0.0
1583,2026-02-22 23:00:00+00:00,0.3235,0.0
1584,2026-02-23 00:00:00+00:00,0.32325,0.0
1585,2026-02-23 01:00:00+00:00,0.322,0.0
1586,2026-02-23 02:00:00+00:00,0.32175002,0.0
1587,2026-02-23 03:00:00+00:00,0.32125,0.0
1588,2026-02-23 04:00:00+00:00,0.32075,0.0
1589,2026-02-23 05:00:00+00:00,0.32075,0.0
1590,2026-02-23 06:00:00+00:00,0.3205,0.1
1591,2026-02-23 07:00:00+00:00,0.32,0.0
1592,2026-02-23 08:00:00+00:00,0.32,0.0
1593,2026-02-23 09:00:00+00:00,0.3195,0.0
1594,2026-02-23 10:00:00+00:00,0.31899998,0.0
1595,2026-02-23 11:00:00+00:00,0.31825,0.0
1596,2026-02-23 12:00:00+00:00,0.31774998,0.0
1597,2026-02-23 13:00:00+00:00,0.31725,0.0
1598,2026-02-23 14:00:00+00:00,0.31700003,0.0
1599,2026-02-23 15:00:00+00:00,0.31675,0.0
1600,2026-02-23 16:00:00+00:00,0.31575,0.0
1601,2026-02-23 17:00:00+00:00,0.3155,0.0
1602,2026-02-23 18:00:00+00:00,0.31475002,0.0
1603,2026-02-23 19:00:00+00:00,0.31475002,0.0
1604,2026-02-23 20:00:00+00:00,0.3145,0.0
1605,2026-02-23 21:00:00+00:00,0.314,0.0
1606,2026-02-23 22:00:00+00:00,0.3135,0.0
1607,2026-02-23 23:00:00+00:00,0.31325,0.0
1608,2026-02-24 00:00:00+00:00,0.313,0.0
1609,2026-02-24 01:00:00+00:00,0.313,0.0
1610,2026-02-24 02:00:00+00:00,0.3125,0.0
1611,2026-02-24 03:00:00+00:00,0.3125,0.0
1612,2026-02-24 04:00:00+00:00,0.31225002,0.0
1613,2026-02-24 05:00:00+00:00,0.31225002,0.0
1614,2026-02-24 06:00:00+00:00,0.31225002,0.0
1615,2026-02-24 07:00:00+00:00,0.31125,0.0
1616,2026-02-24 08:00:00+00:00,0.31125,0.0
1617,2026-02-24 09:00:00+00:00,0.31125,0.0
1618,2026-02-24 10:00:00+00:00,0.311,0.0
1619,2026-02-24 11:00:00+00:00,0.31024998,0.0
1620,2026-02-24 12:00:00+00:00,0.30949998,0.0
1621,2026-02-24 13:00:00+00:00,0.30900002,0.0
1622,2026-02-24 14:00:00+00:00,0.30875,0.0
1623,2026-02-24 15:00:00+00:00,0.3085,0.0
1624,2026-02-24 16:00:00+00:00,0.30825,0.0
1625,2026-02-24 17:00:00+00:00,0.30825,0.0
1626,2026-02-24 18:00:00+00:00,0.308,0.0
1627,2026-02-24 19:00:00+00:00,0.30825,0.0
1628,2026-02-24 20:00:00+00:00,0.30825,0.0
1629,2026-02-24 21:00:00+00:00,0.308,0.0
1630,2026-02-24 22:00:00+00:00,0.308,0.0
1631,2026-02-24 23:00:00+00:00,0.308,0.7
1632,2026-02-25 00:00:00+00:00,0.30825,0.4
1633,2026-02-25 01:00:00+00:00,0.3085,0.0
1634,2026-02-25 02:00:00+00:00,0.30875,0.0
1635,2026-02-25 03:00:00+00:00,0.30900002,0.0
1636,2026-02-25 04:00:00+00:00,0.30925,0.0
1637,2026-02-25 05:00:00+00:00,0.30925,0.0
1638,2026-02-25 06:00:00+00:00,0.30925,0.0
1639,2026-02-25 07:00:00+00:00,0.30875,0.0
1640,2026-02-25 08:00:00+00:00,0.30900002,0.0
1641,2026-02-25 09:00:00+00:00,0.30900002,0.0
1642,2026-02-25 10:00:00+00:00,0.30875,0.0
1643,2026-02-25 11:00:00+00:00,0.3085,0.0
1644,2026-02-25 12:00:00+00:00,0.3085,0.0
1645,2026-02-25 13:00:00+00:00,0.3105,0.0
1646,2026-02-25 14:00:00+00:00,0.31075,0.0
1647,2026-02-25 15:00:00+00:00,0.31075,0.0
1648,2026-02-25 16:00:00+00:00,0.311,0.0
1649,2026-02-25 17:00:00+00:00,0.311,0.0
1650,2026-02-25 18:00:00+00:00,0.31075,0.0
1651,2026-02-25 19:00:00+00:00,0.3105,0.0
1652,2026-02-25 20:00:00+00:00,0.31,0.0
1653,2026-02-25 21:00:00+00:00,0.30949998,0.0
1654,2026-02-25 22:00:00+00:00,0.309,0.0
1655,2026-02-25 23:00:00+00:00,0.309,0.0
1656,2026-02-26 00:00:00+00:00,0.30850002,0.0
1657,2026-02-26 01:00:00+00:00,0.30850002,0.0
1658,2026-02-26 02:00:00+00:00,0.30850002,0.0
1659,2026-02-26 03:00:00+00:00,0.30825,0.0
1660,2026-02-26 04:00:00+00:00,0.3085,0.0
1661,2026-02-26 05:00:00+00:00,0.30825,0.0
1662,2026-02-26 06:00:00+00:00,0.3085,0.0
1663,2026-02-26 07:00:00+00:00,0.3085,0.0
1664,2026-02-26 08:00:00+00:00,0.3085,0.0
1665,2026-02-26 09:00:00+00:00,0.30825,0.0
1666,2026-02-26 10:00:00+00:00,0.30775,0.0
1667,2026-02-26 11:00:00+00:00,0.30699998,0.0
1668,2026-02-26 12:00:00+00:00,0.30675,0.0
1669,2026-02-26 13:00:00+00:00,0.30650002,0.0
1670,2026-02-26 14:00:00+00:00,0.30575,0.0
1671,2026-02-26 15:00:00+00:00,0.306,0.0
1672,2026-02-26 16:00:00+00:00,0.30625,0.0
1673,2026-02-26 17:00:00+00:00,0.30699998,0.0
1674,2026-02-26 18:00:00+00:00,0.3075,0.0
1675,2026-02-26 19:00:00+00:00,0.30800003,0.0
1676,2026-02-26 20:00:00+00:00,0.30800003,0.0
1677,2026-02-26 21:00:00+00:00,0.30800003,0.0
1678,2026-02-26 22:00:00+00:00,0.308,0.0
1679,2026-02-26 23:00:00+00:00,0.308,0.0
1680,2026-02-27 00:00:00+00:00,0.308,0.0
1681,2026-02-27 01:00:00+00:00,0.308,0.0
1682,2026-02-27 02:00:00+00:00,0.308,0.0
1683,2026-02-27 03:00:00+00:00,0.308,0.0
1684,2026-02-27 04:00:00+00:00,0.308,0.0
1685,2026-02-27 05:00:00+00:00,0.308,0.0
1686,2026-02-27 06:00:00+00:00,0.308,0.0
1687,2026-02-27 07:00:00+00:00,0.30825,0.0
1688,2026-02-27 08:00:00+00:00,0.30825,0.0
1689,2026-02-27 09:00:00+00:00,0.308,0.0
1690,2026-02-27 10:00:00+00:00,0.3075,0.0
1691,2026-02-27 11:00:00+00:00,0.3075,0.0
1692,2026-02-27 12:00:00+00:00,0.30725,0.0
1693,2026-02-27 13:00:00+00:00,0.30699998,0.0
1694,2026-02-27 14:00:00+00:00,0.30675,0.0
1695,2026-02-27 15:00:00+00:00,0.30675,0.0
1696,2026-02-27 16:00:00+00:00,0.30675,0.0
1697,2026-02-27 17:00:00+00:00,0.3065,0.0
1698,2026-02-27 18:00:00+00:00,0.30725,0.0
1699,2026-02-27 19:00:00+00:00,0.3075,0.0
1700,2026-02-27 20:00:00+00:00,0.308,0.0
1701,2026-02-27 21:00:00+00:00,0.30825,0.0
1702,2026-02-27 22:00:00+00:00,0.30875,0.0
1703,2026-02-27 23:00:00+00:00,0.30900002,0.0
1704,2026-02-28 00:00:00+00:00,0.30925,0.0
1705,2026-02-28 01:00:00+00:00,0.3095,0.0
1706,2026-02-28 02:00:00+00:00,0.3095,0.0
1707,2026-02-28 03:00:00+00:00,0.30975,0.0
1708,2026-02-28 04:00:00+00:00,0.30975,0.0
1709,2026-02-28 05:00:00+00:00,0.31024998,0.0
1710,2026-02-28 06:00:00+00:00,0.31024998,0.0
1711,2026-02-28 07:00:00+00:00,0.30975,0.0
1712,2026-02-28 08:00:00+00:00,0.30975,0.0
1713,2026-02-28 09:00:00+00:00,0.3095,0.0
1714,2026-02-28 10:00:00+00:00,0.30925,0.0
1715,2026-02-28 11:00:00+00:00,0.30875,0.0
1716,2026-02-28 12:00:00+00:00,0.30825,0.0
1717,2026-02-28 13:00:00+00:00,0.30825,0.0
1718,2026-02-28 14:00:00+00:00,0.30825,0.1
1719,2026-02-28 15:00:00+00:00,0.308,0.1
1720,2026-02-28 16:00:00+00:00,0.30775,0.2
1721,2026-02-28 17:00:00+00:00,0.30775,0.3
1722,2026-02-28 18:00:00+00:00,0.30825,0.4
1723,2026-02-28 19:00:00+00:00,0.30825,0.3
1724,2026-02-28 20:00:00+00:00,0.30825,0.3
1725,2026-02-28 21:00:00+00:00,0.30825,0.0
1726,2026-02-28 22:00:00+00:00,0.30825,0.0
1727,2026-02-28 23:00:00+00:00,0.30825,0.0
1728,2026-03-01 00:00:00+00:00,0.30825,0.0
1729,2026-03-01 01:00:00+00:00,0.30825,0.0
1730,2026-03-01 02:00:00+00:00,0.30825,0.0
1731,2026-03-01 03:00:00+00:00,0.30825,0.0
1732,2026-03-01 04:00:00+00:00,0.30825,0.0
1733,2026-03-01 05:00:00+00:00,0.30825,0.0
1734,2026-03-01 06:00:00+00:00,0.308,0.0
1735,2026-03-01 07:00:00+00:00,0.308,0.0
1736,2026-03-01 08:00:00+00:00,0.30775,0.0
1737,2026-03-01 09:00:00+00:00,0.30675,0.0
1738,2026-03-01 10:00:00+00:00,0.307,0.0
1739,2026-03-01 11:00:00+00:00,0.3085,0.0
1740,2026-03-01 12:00:00+00:00,0.311,0.0
1741,2026-03-01 13:00:00+00:00,0.3125,0.0
1742,2026-03-01 14:00:00+00:00,0.313,0.0
1743,2026-03-01 15:00:00+00:00,0.313,0.0
1744,2026-03-01 16:00:00+00:00,0.3125,0.0
1745,2026-03-01 17:00:00+00:00,0.31175,0.0
1746,2026-03-01 18:00:00+00:00,0.3105,0.0
1747,2026-03-01 19:00:00+00:00,0.30975,0.0
1748,2026-03-01 20:00:00+00:00,0.30925,0.0
1749,2026-03-01 21:00:00+00:00,0.30874997,0.0
1750,2026-03-01 22:00:00+00:00,0.30874997,0.0
1751,2026-03-01 23:00:00+00:00,0.30874997,0.0
1752,2026-03-02 00:00:00+00:00,0.30825,0.0
1753,2026-03-02 01:00:00+00:00,0.30825,0.0
1754,2026-03-02 02:00:00+00:00,0.30825,0.0
1755,2026-03-02 03:00:00+00:00,0.30775,0.0
1756,2026-03-02 04:00:00+00:00,0.30775,0.0
1757,2026-03-02 05:00:00+00:00,0.30775,0.0
1758,2026-03-02 06:00:00+00:00,0.30699998,0.0
1759,2026-03-02 07:00:00+00:00,0.30699998,0.0
1760,2026-03-02 08:00:00+00:00,0.30675,0.0
1761,2026-03-02 09:00:00+00:00,0.30624998,0.0
1762,2026-03-02 10:00:00+00:00,0.3065,0.0
1763,2026-03-02 11:00:00+00:00,0.30775,0.0
1764,2026-03-02 12:00:00+00:00,0.30949998,0.0
1765,2026-03-02 13:00:00+00:00,0.31075,0.0
1766,2026-03-02 14:00:00+00:00,0.30775,0.0
1767,2026-03-02 15:00:00+00:00,0.308,0.0
1768,2026-03-02 16:00:00+00:00,0.308,0.0
1769,2026-03-02 17:00:00+00:00,0.30775,0.0
1770,2026-03-02 18:00:00+00:00,0.307,0.0
1771,2026-03-02 19:00:00+00:00,0.3065,0.0
1772,2026-03-02 20:00:00+00:00,0.30625,0.0
1773,2026-03-02 21:00:00+00:00,0.30574998,0.0
1774,2026-03-02 22:00:00+00:00,0.3055,0.0
1775,2026-03-02 23:00:00+00:00,0.3055,0.0
1776,2026-03-03 00:00:00+00:00,0.305,0.0
1777,2026-03-03 01:00:00+00:00,0.305,0.0
1778,2026-03-03 02:00:00+00:00,0.305,0.0
1779,2026-03-03 03:00:00+00:00,0.305,0.0
1780,2026-03-03 04:00:00+00:00,0.305,0.0
1781,2026-03-03 05:00:00+00:00,0.305,0.0
1782,2026-03-03 06:00:00+00:00,0.30475,0.0
1783,2026-03-03 07:00:00+00:00,0.30475,0.0
1784,2026-03-03 08:00:00+00:00,0.30499998,0.0
1785,2026-03-03 09:00:00+00:00,0.305,0.0
1786,2026-03-03 10:00:00+00:00,0.30574998,0.0
1787,2026-03-03 11:00:00+00:00,0.306,0.0
1788,2026-03-03 12:00:00+00:00,0.30675,0.0
1789,2026-03-03 13:00:00+00:00,0.3085,0.0
1790,2026-03-03 14:00:00+00:00,0.31275,0.0
1791,2026-03-03 15:00:00+00:00,0.31825,0.0
1792,2026-03-03 16:00:00+00:00,0.32225,0.0
1793,2026-03-03 17:00:00+00:00,0.3225,0.0
1794,2026-03-03 18:00:00+00:00,0.32175,0.0
1795,2026-03-03 19:00:00+00:00,0.32125,0.0
1796,2026-03-03 20:00:00+00:00,0.3225,0.0
1797,2026-03-03 21:00:00+00:00,0.32425,0.0
1798,2026-03-03 22:00:00+00:00,0.32725,0.0
1799,2026-03-03 23:00:00+00:00,0.33175,0.0
